	Astrocytes	Bergmann	Choroid	Endothelial	Granule	Microglia	Oligodendrocytes	Purkinje
priorregion1_spot_1	1.595809e-08	1.2877356e-08	2.0218264e-08	0.05530402	3.821438e-08	0.07422976	0.08487861	0.78558755
priorregion1_spot_2	8.217511e-09	1.0628864e-08	2.059739e-08	0.0010929364	4.9485177e-08	0.17762959	0.11174024	0.70953715
priorregion1_spot_3	1.2047597e-08	1.05739995e-08	2.0178085e-08	0.26610065	2.469032e-08	4.169331e-08	2.20724e-08	0.7338992
priorregion1_spot_4	8.408837e-09	1.3722534e-08	1.4137639e-08	0.23544493	1.6141176e-08	0.017324904	0.09504258	0.6521875
priorregion1_spot_5	5.3101996e-08	4.5936126e-08	4.547917e-07	0.10276457	1.02277916e-07	0.41417488	0.4731325	0.009927352
priorregion1_spot_6	9.203058e-09	1.3550259e-08	1.752164e-08	0.0011732613	3.6986968e-08	0.2950139	1.006389e-06	0.70381176
priorregion1_spot_7	1.3064663e-08	1.09245715e-08	1.3088097e-08	0.18459548	3.1304232e-08	0.016269652	0.015882848	0.78325194
priorregion1_spot_8	5.5263114e-09	6.7828307e-09	8.420126e-09	0.18209547	1.3365662e-08	4.837228e-08	1.09350085e-08	0.8179044
priorregion1_spot_9	1.4099085e-08	1.6646234e-07	0.0046060244	0.62965596	7.5417415e-09	0.32789817	0.032791574	0.0050480166
priorregion1_spot_10	1.47182835e-08	0.011281518	0.019326253	0.19589795	6.227343e-08	0.696655	0.05684376	0.019995455
priorregion1_spot_11	6.803224e-09	6.5595462e-09	1.2498247e-08	0.12844259	2.860066e-08	0.10152488	0.08699099	0.6830416
priorregion1_spot_12	2.2758558e-08	6.938173e-08	2.1331181e-05	0.36707485	5.5441717e-08	0.33047336	0.30242866	1.6396309e-06
priorregion1_spot_13	7.1315984e-09	6.334604e-09	1.6143236e-08	0.12972715	3.627922e-08	0.1330823	0.08045226	0.65673816
priorregion1_spot_14	1.2967781e-08	1.2128235e-08	2.7536618e-08	9.879585e-08	1.18848256e-07	0.16209324	0.10769255	0.73021394
priorregion1_spot_15	6.2803616e-09	8.0426465e-09	8.4604315e-09	0.16769207	2.7349849e-08	9.112056e-08	0.23290299	0.59940475
priorregion1_spot_16	8.832202e-09	1.2842474e-08	1.9932703e-08	0.38664925	2.1004372e-08	0.051475983	0.0326562	0.5292185
priorregion1_spot_17	9.327042e-09	3.726373e-08	6.096411e-08	0.37821406	1.2859849e-08	0.43390566	0.010828792	0.17705145
priorregion1_spot_18	2.1176232e-08	4.1009958e-08	1.56944e-08	0.113957785	1.5443376e-08	0.16437931	0.08436196	0.6373008
priorregion1_spot_19	1.6792145e-08	1.4354942e-08	4.2058375e-07	0.46625376	1.1925335e-08	0.23390107	0.29984474	2.19136e-08
priorregion1_spot_20	6.3145635e-09	7.68476e-09	6.841516e-09	9.598394e-09	2.0219591e-08	0.16597259	1.6467727e-08	0.8340273
priorregion1_spot_21	1.1690786e-08	1.7744512e-08	7.051152e-08	0.39268643	2.8755611e-08	0.2297121	4.8507314e-08	0.37760133
priorregion1_spot_22	1.2784231e-08	1.1422973e-08	2.6811469e-08	0.35386038	1.7755841e-08	0.12705868	0.024699489	0.49438137
priorregion1_spot_23	1.0878812e-08	6.2372205e-09	1.3627382e-08	0.37512338	1.4323984e-08	2.2047361e-07	1.0247796e-08	0.6248763
priorregion1_spot_24	7.752403e-09	7.004066e-09	2.0389125e-08	0.065729044	3.0190588e-08	0.11843594	0.16369784	0.6521371
priorregion1_spot_25	1.0712589e-08	8.442663e-09	1.2593593e-08	1.9492179e-08	3.8467114e-08	3.5111604e-08	0.14422798	0.8557719
priorregion1_spot_26	4.9509983e-09	6.7683925e-09	1.8807294e-08	0.0030333523	1.204214e-08	0.32563058	0.1920149	0.47932112
priorregion1_spot_27	4.151339e-09	7.2755326e-09	1.4116712e-08	0.40671828	1.2658671e-08	0.14172141	2.4956185e-08	0.4515602
priorregion1_spot_28	1.382887e-08	1.7194026e-08	2.8327099e-08	0.0005984135	3.3497685e-08	4.1887212e-08	0.2773029	0.7220985
priorregion1_spot_29	6.110395e-09	9.406266e-09	1.3292298e-08	1.0736445e-08	2.3988328e-08	3.3805063e-07	2.2095064e-08	0.99999964
priorregion1_spot_30	8.09152e-09	9.085523e-09	8.717669e-09	0.21081735	1.4489648e-08	0.10519216	0.21378377	0.47020665
priorregion1_spot_31	5.672117e-09	7.468687e-09	1.437456e-08	1.2439422e-08	1.7593354e-08	0.06280457	4.6403592e-08	0.9371953
priorregion1_spot_32	1.1701966e-08	1.4270237e-08	2.3281599e-08	0.08414702	4.4734417e-08	0.14754254	0.14292319	0.6253872
priorregion1_spot_33	6.3947745e-09	7.552064e-09	2.4139354e-07	0.47878498	1.1316155e-08	0.09363369	0.42758104	1.2342457e-07
priorregion1_spot_34	1.3530047e-08	1.3525441e-08	2.3696122e-08	0.0042566736	3.5050412e-08	0.19285211	0.5979918	0.20489937
priorregion1_spot_35	0.0053945505	6.68409e-08	1.2735462e-07	0.08259279	1.6459662e-08	0.49651122	0.4105773	0.0049238196
priorregion1_spot_36	7.697683e-09	1.268708e-08	1.9211464e-08	0.2406738	3.0330042e-08	4.4977266e-08	0.019017108	0.740309
priorregion1_spot_37	4.915516e-09	5.3338702e-09	1.0465209e-08	1.0016151e-08	2.4804152e-08	5.9456678e-08	1.4904272e-08	0.9999998
priorregion1_spot_38	1.7125425e-08	1.9192976e-08	2.874429e-08	5.8578824e-08	2.2536048e-08	0.27165163	0.21295239	0.5153958
priorregion1_spot_39	2.9568744e-08	2.5746138e-07	2.2540922e-08	0.047254708	8.010602e-09	0.35371298	0.59903187	1.4372205e-07
priorregion1_spot_40	1.1146548e-08	1.0048771e-08	3.2479963e-07	0.13764128	2.1270022e-08	6.351251e-08	0.07767841	0.78467983
priorregion1_spot_41	7.834356e-09	8.467712e-09	1.0228599e-08	7.290558e-08	2.0787121e-08	0.13386095	0.3329526	0.5331864
priorregion1_spot_42	1.0136301e-08	1.3156544e-08	1.5577077e-08	0.15785487	3.1567794e-08	0.05559999	0.06772131	0.71882373
priorregion1_spot_43	2.5374318e-09	3.2658076e-09	6.1903838e-09	3.2597431e-09	1.8794765e-08	8.009475e-09	9.38721e-09	0.9999999
priorregion1_spot_44	7.958618e-09	8.949684e-09	2.3799533e-08	0.08193281	3.6226837e-08	9.116248e-08	0.040622674	0.8774443
priorregion1_spot_45	9.471342e-09	1.714269e-08	2.2915467e-08	0.22729073	3.18457e-08	0.18040222	0.13918146	0.45312554
priorregion1_spot_46	4.1117127e-09	6.106944e-09	1.2883876e-08	0.10480658	2.7071813e-08	0.030420382	0.1154684	0.7493046
priorregion1_spot_47	1.0034233e-08	9.047737e-09	1.2531046e-08	0.18267523	1.8453687e-08	0.18372476	0.049048014	0.58455193
priorregion1_spot_48	8.9534975e-09	1.05224665e-08	5.828893e-08	0.04937468	1.36857565e-08	0.48954734	0.4591383	0.0019396081
priorregion1_spot_49	2.3689454e-08	0.013009043	0.038891245	0.5832483	1.2821837e-08	0.3550401	0.009811145	6.198351e-08
priorregion1_spot_50	6.000585e-09	1.4048541e-08	4.6053053e-08	0.025828172	1.0687804e-08	0.3250912	0.6455984	0.003482038
priorregion1_spot_51	9.2135e-09	2.6420222e-08	1.2618955e-08	1.3560748e-08	2.6044177e-08	1.0414319e-07	0.104685195	0.8953146
priorregion1_spot_52	9.036434e-09	8.718136e-09	1.7323304e-08	2.0397822e-08	1.9514053e-08	0.025846794	0.32372105	0.6504321
priorregion1_spot_53	4.589039e-09	6.7400667e-09	7.117083e-09	7.5761974e-09	2.5390381e-08	0.022874787	0.021429367	0.9556958
priorregion1_spot_54	8.44398e-09	2.3781485e-08	2.1420831e-08	2.7665115e-08	2.5937968e-08	0.035324275	0.02051469	0.94416094
priorregion1_spot_55	7.973245e-09	1.1004711e-08	1.9125718e-08	0.14733987	3.6021373e-08	0.0622558	0.054109186	0.7362951
priorregion1_spot_56	6.9838304e-09	7.943629e-09	1.1751746e-08	2.1770607e-08	3.0609822e-08	0.083454505	0.12057386	0.7959715
priorregion1_spot_57	5.4439435e-09	6.4345733e-09	1.5692468e-08	0.33958244	1.4588096e-08	0.06784102	0.18820155	0.404375
priorregion1_spot_58	1.2275935e-07	9.72291e-08	0.024592973	0.42160013	1.4681755e-08	0.5430003	5.581841e-08	0.010806257
priorregion1_spot_59	5.283014e-09	4.548296e-09	9.342048e-09	6.882705e-08	2.0369967e-08	1.7988766e-08	0.13601966	0.8639802
priorregion1_spot_60	1.2023458e-08	1.2996092e-08	1.8288343e-08	0.14667794	1.6658257e-08	0.15561798	0.16180879	0.5358952
priorregion1_spot_61	1.1442496e-08	1.2384564e-08	2.7152803e-08	0.20798591	2.4765205e-08	0.07448333	0.38176888	0.3357618
priorregion1_spot_62	1.4648577e-08	2.4774206e-08	3.457128e-08	6.1931644e-08	5.2271783e-08	0.22264373	0.123181775	0.6541743
priorregion1_spot_63	1.6215264e-08	3.9859874e-08	6.0501286e-05	0.5834785	1.1466255e-08	0.16255726	0.24930494	0.0045987624
priorregion1_spot_64	1.4099869e-08	8.68053e-09	2.1659313e-08	0.16444091	4.6884036e-08	1.3028222e-07	0.043822624	0.7917362
priorregion1_spot_65	7.502144e-09	1.6330992e-08	0.008761158	0.008619659	5.947245e-09	0.28115568	0.6992702	0.002193288
priorregion1_spot_66	2.5923743e-08	3.895727e-08	2.932595e-08	0.22270572	3.729008e-08	0.025444781	0.07677501	0.67507434
priorregion1_spot_67	6.445017e-09	9.117123e-09	1.197058e-07	0.49073043	5.2938987e-09	0.2140735	0.29409406	0.0011018916
priorregion1_spot_68	6.6991857e-09	1.4628718e-08	8.4897085e-09	2.5650028e-08	3.3193995e-08	1.2727158e-07	1.4469172e-08	0.99999976
priorregion1_spot_69	7.13838e-08	0.00960264	0.047165513	0.15421455	1.2556271e-08	0.7427068	0.039318874	0.0069915787
priorregion1_spot_70	1.1119958e-08	1.5431516e-08	5.659203e-08	0.53037006	3.4748442e-08	6.131617e-07	2.9536405e-08	0.4696291
priorregion1_spot_71	4.132842e-09	8.640284e-09	1.5727228e-08	0.31217346	1.6647657e-08	0.022843126	0.047187492	0.6177958
priorregion1_spot_72	1.6882664e-08	0.0023455848	3.2952428e-07	0.74336356	8.6873735e-09	0.24726665	0.0070239245	6.3729955e-09
priorregion1_spot_73	1.0712526e-08	9.921887e-09	4.0220367e-08	0.16483702	2.1541485e-08	0.21926607	3.008578e-08	0.61589676
priorregion1_spot_74	5.0520863e-09	5.7521925e-09	8.933902e-09	1.5813669e-08	1.7169306e-08	0.07870955	7.541152e-09	0.9212904
priorregion1_spot_75	1.403762e-08	9.466925e-09	2.6150651e-08	0.025189782	2.8931389e-08	2.6417388e-07	0.10736595	0.8674439
priorregion1_spot_76	1.725792e-08	5.2867335e-08	1.17533126e-07	0.06154785	0.03000521	0.5438927	0.35563734	0.008916684
priorregion1_spot_77	1.3255541e-08	1.4991326e-08	3.1603637e-08	8.661272e-08	2.5043025e-08	0.20635556	0.14374836	0.6498959
priorregion1_spot_78	4.2240744e-09	5.6429825e-09	9.0706305e-09	8.5739895e-09	1.5590508e-08	1.3941858e-08	0.11614921	0.88385075
priorregion1_spot_79	4.011922e-09	7.199556e-09	4.4101743e-08	0.7741363	9.439354e-09	0.2258636	1.1857522e-08	2.7797356e-08
priorregion1_spot_80	1.0565094e-08	1.0449468e-08	1.5822852e-08	0.23196362	2.4418037e-08	0.027496066	0.07856133	0.6619789
priorregion1_spot_81	2.301672e-08	2.3951978e-08	2.1155541e-08	0.007936055	2.1137676e-08	0.05309702	2.3342018e-08	0.9389668
priorregion1_spot_82	6.2280137e-09	7.095196e-09	1.3357528e-08	0.084432274	1.7430619e-08	0.009463046	0.023229934	0.8828747
priorregion1_spot_83	1.3729287e-08	9.724401e-09	2.1643329e-08	2.0367338e-07	3.9061078e-08	0.11633236	0.021271931	0.86239547
priorregion1_spot_84	1.3976459e-08	1.4222832e-08	4.797433e-08	0.23970501	4.6331493e-08	0.24486741	0.16435221	0.35107526
priorregion1_spot_85	7.293663e-09	7.200952e-09	1.2618859e-08	0.16541836	3.731424e-08	0.019757867	0.067279495	0.7475442
priorregion1_spot_86	7.952372e-09	9.348591e-09	2.1641668e-08	0.35790226	2.7237494e-08	0.04247265	0.120146975	0.47947806
priorregion1_spot_87	5.5365184e-09	5.3969713e-09	1.0050942e-08	1.26486475e-08	2.4189037e-08	0.10480323	0.16514508	0.73005164
priorregion1_spot_88	5.418843e-09	8.071495e-09	1.0700714e-08	1.2436697e-08	2.6675169e-08	6.92799e-08	0.14862877	0.85137105
priorregion1_spot_89	1.0362419e-08	1.5799747e-08	1.3100633e-06	0.4926123	1.4359014e-08	0.116141096	0.3912452	5.8541012e-08
priorregion1_spot_90	1.6449286e-08	1.2021024e-08	2.4087498e-08	0.12343297	4.7528903e-08	0.015400629	3.5896758e-08	0.8611663
priorregion1_spot_91	1.13976375e-08	9.830252e-09	2.6623903e-08	0.11400838	3.1866843e-08	0.003432323	0.007646926	0.87491226
priorregion1_spot_92	6.4310908e-09	7.239032e-09	1.5111246e-08	0.35351512	1.478255e-08	2.3550713e-07	0.16208212	0.48440248
priorregion1_spot_93	6.30771e-09	9.981351e-09	1.1296273e-08	2.0724418e-08	1.5794415e-08	0.0939379	0.4066548	0.49940717
priorregion1_spot_94	9.029463e-09	1.3877325e-08	1.435085e-08	0.018499987	1.3407373e-08	0.5393449	5.989937e-08	0.442155
priorregion1_spot_95	7.321946e-09	5.52414e-09	1.3044062e-08	1.177204e-08	1.847157e-08	8.050115e-08	0.1315091	0.86849076
priorregion1_spot_96	2.1568896e-08	3.8522206e-08	7.9269773e-07	0.380893	1.5353848e-07	0.2420585	0.028949095	0.3480984
priorregion1_spot_97	5.932105e-09	6.2320535e-09	8.108254e-09	1.9029306e-08	1.3143829e-08	0.097868755	0.42909482	0.4730364
priorregion1_spot_98	1.9175342e-08	1.8002615e-08	3.1335908e-08	0.28432652	4.7214858e-08	0.06039371	0.09293266	0.56234694
priorregion1_spot_99	5.237338e-09	6.6445436e-09	9.020793e-09	0.21228947	1.3847233e-08	1.5137653e-08	0.11802829	0.6696822
priorregion1_spot_100	9.928689e-09	8.612222e-09	8.296378e-08	0.59641165	9.999176e-09	0.15944774	0.24414058	4.346349e-08
priorregion1_spot_101	1.0106378e-08	1.2466895e-08	2.4424981e-08	0.29466283	2.54926e-08	5.0554874e-08	1.1553891e-08	0.705337
priorregion1_spot_102	1.1271677e-08	1.3886994e-08	2.7239082e-08	0.08426026	4.3537607e-08	0.23405021	0.17698503	0.50470436
priorregion1_spot_103	9.126393e-09	1.0542177e-08	1.7854468e-08	3.7245684e-08	1.8497648e-08	0.28268242	0.118273206	0.5990443
priorregion1_spot_104	3.4380474e-09	0.000806578	1.03669706e-07	0.6202022	4.014106e-09	0.37322238	0.0043940498	0.001374646
priorregion1_spot_105	8.295677e-09	0.003111128	0.007670134	0.538001	8.800588e-09	0.4501117	0.0011060219	8.923785e-09
priorregion1_spot_106	8.657955e-09	9.804593e-09	1.4178313e-08	0.11101529	2.692236e-08	0.009679359	0.03340417	0.84590113
priorregion1_spot_107	2.0430504e-08	0.007423826	1.3941282e-07	0.6522178	1.3764663e-08	0.3342639	0.0043610795	0.0017332458
priorregion1_spot_108	7.8367954e-08	8.0127484e-07	0.024035739	0.4132779	4.6156e-08	0.3975903	0.16509506	1.0050177e-07
priorregion1_spot_109	8.4311935e-09	1.0101851e-08	1.9910344e-08	0.51915765	1.0152874e-08	0.32842636	0.152416	2.1353038e-08
priorregion1_spot_110	4.39271e-09	5.8899516e-09	1.5037358e-08	0.42156222	1.46674495e-08	0.17152047	0.18361105	0.22330624
priorregion1_spot_111	1.0098628e-08	1.179644e-08	2.122104e-08	0.053836893	3.1805854e-08	0.17085359	0.03286638	0.742443
priorregion1_spot_112	1.0196364e-08	8.51719e-09	1.8189194e-08	2.5096474e-08	2.9706193e-08	0.13522258	3.5557807e-08	0.86477727
priorregion1_spot_113	1.0766417e-08	1.3820168e-08	2.016761e-08	0.2484146	1.8716658e-08	0.029363872	0.14812446	0.574097
priorregion1_spot_114	1.0443465e-08	8.32949e-09	1.3841872e-08	2.014154e-08	3.0927005e-08	3.41898e-08	1.9306912e-08	0.9999998
priorregion1_spot_115	3.8889447e-09	6.898378e-09	7.615554e-09	0.0021266895	2.149759e-08	3.6452107e-08	0.22436166	0.77351165
priorregion1_spot_116	1.0334299e-08	1.1108335e-08	3.892029e-08	0.4799582	2.6077444e-08	0.02820518	0.059672125	0.43216434
priorregion1_spot_117	1.0100677e-08	1.3370069e-08	1.6152221e-08	0.11623415	1.7795182e-08	0.06396705	0.06629058	0.75350815
priorregion1_spot_118	0.033999287	0.0147726275	2.1219202e-08	0.02317056	1.3522668e-08	0.02411287	0.90394455	9.0551744e-08
priorregion1_spot_119	9.188525e-09	8.4921306e-09	1.4863816e-08	0.18430936	3.0603843e-08	0.031381797	2.8535611e-08	0.78430873
priorregion1_spot_120	7.515833e-09	8.074439e-09	1.674413e-08	0.30312032	1.8025382e-08	4.9326694e-08	1.2610735e-08	0.69687957
priorregion1_spot_121	1.0358083e-08	4.860418e-08	1.0991154e-06	0.0962687	2.2487528e-08	0.43006337	0.4680069	0.005659863
priorregion1_spot_122	1.4579845e-08	1.7748468e-08	0.019955926	0.46660626	9.551436e-09	0.4929181	0.020519271	4.0526052e-07
priorregion1_spot_123	1.569464e-08	2.3033579e-08	2.7686948e-08	0.15895338	1.0977687e-07	0.08710544	7.072872e-08	0.75394094
priorregion1_spot_124	1.1716579e-08	0.0021351194	0.06313961	0.21000545	2.2897245e-08	0.70574003	0.0143750105	0.0046047033
priorregion1_spot_125	7.0950037e-09	1.0652878e-08	1.9300058e-08	2.741132e-08	2.463753e-08	0.19746116	0.22038414	0.58215463
priorregion1_spot_126	5.5919034e-09	6.3285506e-09	1.6967777e-08	0.2800986	1.8906817e-08	0.020440469	1.47924375e-08	0.69946086
priorregion1_spot_127	8.537067e-09	9.4934975e-09	1.766888e-08	0.17291401	2.6347223e-08	0.05737408	2.6622303e-08	0.76971185
priorregion1_spot_128	1.6859985e-08	1.262294e-08	2.7751197e-08	0.19403644	3.5402717e-08	0.028248567	0.058653574	0.7190614
priorregion1_spot_129	6.449545e-09	1.0374136e-08	1.2783645e-08	2.4107178e-08	2.6806283e-08	0.043439288	0.109473266	0.8470873
priorregion1_spot_130	6.7228147e-09	9.26908e-09	1.313871e-08	0.18282732	2.3486594e-08	0.05786502	0.1511326	0.608175
priorregion1_spot_131	6.488118e-09	6.1432837e-09	1.560727e-08	5.48003e-08	1.4733187e-08	0.031087045	0.5952471	0.37366584
priorregion1_spot_132	8.117778e-09	8.571932e-09	1.5013367e-08	0.31034425	1.5578964e-08	0.09343746	1.3694567e-08	0.5962182
priorregion2_spot_1	0.008231149	3.2573045e-08	0.49400955	0.2777463	1.7877665e-07	0.1924078	0.009678739	0.017926281
priorregion2_spot_2	0.00932727	4.1837424e-08	0.44738734	0.27325213	4.5134635e-07	0.24171978	0.013184244	0.015128769
priorregion2_spot_3	1.128856e-07	0.00037921523	0.59858906	0.2051351	1.4205638e-07	0.1736168	0.010324212	0.011955255
priorregion2_spot_4	0.007726343	2.1243014e-08	0.45070657	0.30531457	2.099533e-06	0.20635682	0.017783765	0.0121097285
priorregion2_spot_5	0.008881965	3.235679e-08	0.5220633	0.25876233	2.3134336e-07	0.17893028	0.010779587	0.020582225
priorregion2_spot_6	4.898399e-07	2.6985015e-08	0.5734186	0.21019852	7.0698306e-08	0.2083117	0.0035803667	0.0044902363
priorregion2_spot_7	0.020425465	9.628942e-08	0.41607088	0.3158527	4.1093034e-07	0.22270252	0.016828738	0.008119152
priorregion2_spot_8	5.2290257e-08	1.3726169e-08	0.68683237	0.16438021	1.7474989e-07	0.13756144	4.5656284e-07	0.011225261
priorregion2_spot_9	0.020297628	7.0430154e-08	0.50550544	0.25377062	5.09154e-07	0.19465882	0.012724263	0.013042604
priorregion2_spot_10	0.0011768921	2.8563472e-08	0.54329854	0.23944956	4.652373e-08	0.18536948	0.018687405	0.012017994
priorregion2_spot_11	0.0008323977	2.2409438e-07	0.42167646	0.31988448	1.5763926e-07	0.22974743	0.01442703	0.013431884
priorregion2_spot_12	0.0044423183	1.9981023e-08	0.64198864	0.19747426	0.0013261636	0.14101882	0.0016119893	0.012137743
priorregion2_spot_13	2.4759771e-08	2.2854545e-08	0.6057556	0.18637975	0.011226659	0.17185515	0.005250519	0.019532364
priorregion2_spot_14	0.005045427	2.5955464e-07	0.50333285	0.2552547	3.502383e-06	0.22163093	0.0058000735	0.008932176
priorregion2_spot_15	0.010320404	8.191465e-08	0.4011327	0.29988617	7.600026e-07	0.2562441	0.011492747	0.020922974
priorregion2_spot_16	0.00738659	4.784674e-08	0.4848095	0.21307828	6.371316e-08	0.253016	0.02090496	0.02080453
priorregion2_spot_17	0.008985377	7.390942e-08	0.5326888	0.18357018	0.047919832	0.22155271	0.00037969253	0.0049033617
priorregion2_spot_18	8.6651596e-07	2.6273042e-08	0.5370455	0.25530595	2.993694e-07	0.17595951	0.020646159	0.011041788
priorregion2_spot_19	0.0010483402	2.0233092e-08	0.6057977	0.20316313	5.5267055e-08	0.16942392	0.010116661	0.010450175
priorregion2_spot_20	0.01602308	4.0753598e-08	0.52558285	0.24459235	4.6124842e-07	0.19601713	0.0063423663	0.011441805
priorregion2_spot_21	0.0057048257	3.278378e-08	0.5388144	0.23676439	1.5623395e-07	0.1934129	0.0146157965	0.010687544
priorregion2_spot_22	1.3096626e-07	0.00059641077	0.5436101	0.2624765	3.8922695e-07	0.17972748	0.012229037	0.0013600163
priorregion2_spot_23	0.008279675	3.5506623e-08	0.41484094	0.30984816	2.3477577e-07	0.23284115	0.016547937	0.017641803
priorregion2_spot_24	6.5801544e-08	1.40120955e-08	0.62678	0.19032967	3.14702e-07	0.17112401	0.011765754	7.923023e-08
priorregion2_spot_25	0.021708924	3.1549643e-08	0.45819512	0.28123695	7.561884e-06	0.21249051	0.013937789	0.01242319
priorregion2_spot_26	0.020715576	5.942486e-08	0.46286502	0.26285875	0.0054156953	0.22358525	0.013522212	0.011037432
priorregion2_spot_27	6.9450714e-08	2.2789889e-08	0.6227977	0.22370136	4.985507e-08	0.14044861	1.9400748e-07	0.013051856
priorregion2_spot_28	0.02116987	4.3241677e-08	0.55396354	0.23955971	1.2695472e-07	0.17228621	0.0034031163	0.009617359
priorregion2_spot_29	0.032236703	1.6174278e-07	0.3370888	0.29538015	5.2005576e-06	0.2760312	0.04057986	0.018677901
priorregion2_spot_30	0.0043008085	1.8227948e-07	0.5876857	0.2164542	4.694046e-07	0.17634802	0.0097678	0.005442796
priorregion2_spot_31	0.008560267	4.464184e-08	0.4653433	0.27702457	3.0431497e-07	0.23055668	0.010031956	0.008482884
priorregion2_spot_32	0.015111291	4.076225e-08	0.44212914	0.3122175	2.565807e-07	0.20702897	0.010154171	0.013358657
priorregion2_spot_33	0.006814477	2.1249136e-08	0.65812427	0.16424912	5.4401166e-08	0.15126319	0.010689249	0.008859553
priorregion2_spot_34	0.0012017922	1.8064403e-08	0.5210777	0.21887074	0.0118745165	0.21273483	0.017885283	0.016355183
priorregion2_spot_35	0.018479438	4.7852513e-08	0.41904613	0.29708615	2.7168996e-06	0.24101569	0.007849339	0.016520465
priorregion2_spot_36	0.0047122296	1.7460397e-07	0.42656022	0.28203088	3.4411914e-07	0.2649194	0.010960739	0.01081603
priorregion2_spot_37	0.009943167	2.4301498e-08	0.45152408	0.28413153	6.2772466e-07	0.23071864	0.010779793	0.012902131
priorregion2_spot_38	1.5616656e-08	1.2930366e-08	0.7312468	0.1350973	6.14045e-08	0.124290206	0.006799722	0.002565855
priorregion2_spot_39	0.005666797	7.782728e-08	0.49704283	0.21605885	0.053747013	0.21000905	0.006495752	0.010979661
priorregion2_spot_40	4.818682e-07	1.0178516e-07	0.6576986	0.20305894	0.008139809	0.11686463	0.014237046	4.2465427e-07
priorregion2_spot_41	1.0336111e-07	2.0569733e-08	0.6087776	0.19921647	4.2476586e-08	0.17379446	0.007346229	0.010865051
priorregion2_spot_42	0.020055084	1.4746709e-07	0.34361008	0.29834464	9.880247e-07	0.257284	0.057858087	0.02284697
priorregion2_spot_43	0.007304586	2.8919132e-08	0.58639705	0.21003856	1.2963763e-07	0.18620315	1.190322e-05	0.0100446
priorregion2_spot_44	3.7058363e-08	5.7372688e-08	0.7248705	0.12787805	5.4888762e-08	0.14118668	2.0787145e-06	0.006062557
priorregion2_spot_45	0.0019413084	4.626041e-08	0.6082725	0.20466201	5.6479756e-08	0.17569041	7.618373e-07	0.00943287
priorregion2_spot_46	0.010196068	2.1710395e-08	0.5617991	0.20606863	1.2785394e-07	0.21390378	2.8314969e-06	0.008029367
priorregion2_spot_47	0.0027595477	6.348205e-05	0.5518296	0.20244052	9.262162e-06	0.22041687	0.013575629	0.008905086
priorregion2_spot_48	0.009679109	5.5069584e-08	0.53966063	0.24565054	6.6055655e-08	0.1899245	0.01029601	0.0047890404
priorregion2_spot_49	0.00689511	2.0207935e-08	0.4701306	0.2943773	5.174856e-06	0.19446144	0.019130435	0.01499997
priorregion2_spot_50	0.014115854	2.117604e-08	0.38490638	0.32290837	0.015245756	0.23429567	0.009688048	0.01883987
priorregion2_spot_51	0.0075366474	2.4107075e-08	0.5052745	0.27217945	0.005627136	0.17904758	0.014290316	0.016044276
priorregion2_spot_52	0.011635288	1.249461e-07	0.45445022	0.2692617	5.8434034e-07	0.23531158	0.017564023	0.011776485
priorregion2_spot_53	0.009713464	5.639979e-08	0.48219314	0.2671004	1.5264659e-07	0.22041334	0.007441746	0.0131376395
priorregion2_spot_54	0.01208214	2.0749728e-07	0.48023996	0.29267374	4.2718634e-06	0.19042261	0.012698432	0.011878611
priorregion2_spot_55	0.007981607	6.2713774e-08	0.48490292	0.27562222	2.0640178e-07	0.20412908	0.016843813	0.010520039
priorregion2_spot_56	1.5536318e-06	0.002243129	0.50793904	0.22298309	0.016764706	0.23151062	0.005681146	0.012876807
priorregion2_spot_57	6.845767e-08	2.2790292e-08	0.6787159	0.16880442	8.258533e-08	0.14469549	0.0077838777	6.7884194e-08
priorregion2_spot_58	0.01638955	3.6262335e-08	0.43688923	0.31409916	1.243483e-06	0.22050509	0.00021203134	0.011903668
priorregion2_spot_59	0.034442678	7.968772e-08	0.34295866	0.2901969	5.0372796e-07	0.2816991	0.025302019	0.025400015
priorregion2_spot_60	0.009487143	5.1331472e-08	0.4965259	0.2530028	9.939676e-08	0.20601535	0.014118753	0.02084995
priorregion2_spot_61	0.002917038	2.054791e-08	0.5166184	0.25518945	1.2024773e-07	0.20040818	0.0135061145	0.011360741
priorregion2_spot_62	0.022085126	4.8751748e-08	0.4054237	0.31875515	1.1182721e-07	0.22506419	0.018392751	0.010278847
priorregion2_spot_63	2.0005699e-07	8.323922e-07	0.4988566	0.26744452	0.009207529	0.18072249	0.028325327	0.015442459
priorregion2_spot_64	0.011631374	2.7888184e-08	0.44996956	0.25457793	3.8043868e-07	0.25778654	0.0060610534	0.0199732
priorregion2_spot_65	6.0133607e-07	0.00036805493	0.7030626	0.17212752	1.9128322e-07	0.11524147	0.00044188992	0.008757734
priorregion2_spot_66	0.0063793208	6.581878e-08	0.4264173	0.31227022	0.012677004	0.2041413	0.023680625	0.014434166
priorregion2_spot_67	0.032773513	3.0891592e-06	0.41101143	0.28716454	7.359719e-07	0.2379639	0.0016553949	0.029427435
priorregion2_spot_68	7.811175e-08	3.1941504e-08	0.5406058	0.25517535	1.3630252e-07	0.181464	0.010937821	0.011816781
priorregion2_spot_69	0.0027134197	0.0015440739	0.5072907	0.25428227	0.0069299145	0.20069237	0.016454468	0.010092742
priorregion2_spot_70	0.005011958	7.640684e-08	0.39884877	0.30012757	8.676343e-07	0.25974396	0.023306997	0.012959833
priorregion2_spot_71	0.012967433	7.937643e-08	0.53334206	0.25885165	1.150541e-07	0.17928457	3.0301046e-06	0.015550953
priorregion2_spot_72	3.881404e-07	3.4264968e-08	0.55675477	0.25299528	2.0438773e-07	0.16135699	0.028889302	2.954529e-06
priorregion2_spot_73	0.044670116	1.7083347e-07	0.30900475	0.2792306	0.008857701	0.274843	0.06044248	0.022951115
priorregion2_spot_74	4.299775e-08	7.627551e-08	0.6517468	0.16060835	6.087174e-08	0.17133689	0.0040911757	0.012216592
priorregion2_spot_75	0.010229015	4.3234376e-08	0.4173051	0.2920037	6.847593e-07	0.2355592	0.025333032	0.01956923
priorregion2_spot_76	0.008849574	2.9976775e-08	0.4539611	0.28237367	1.1681483e-07	0.22315443	0.014515793	0.01714525
priorregion2_spot_77	1.2492912e-08	9.039827e-09	0.7427703	0.1315631	3.461913e-07	0.117867194	1.9898391e-07	0.007798796
priorregion2_spot_78	0.002737199	9.9001234e-08	0.56626946	0.24604268	1.0852082e-06	0.1780697	0.0009949415	0.0058848425
priorregion2_spot_79	0.03692775	4.80191e-08	0.34244305	0.2997151	1.6813474e-06	0.2540793	0.04826322	0.018569777
priorregion2_spot_80	0.0102711655	5.390705e-08	0.52944183	0.23227067	5.9950004e-08	0.21159671	0.003814879	0.012604575
priorregion2_spot_81	0.0034862158	1.6383687e-08	0.6054037	0.20619549	0.02396346	0.13346662	0.01257829	0.01490612
priorregion2_spot_82	0.013504334	4.756954e-08	0.3970195	0.32473406	5.414844e-07	0.22758368	0.019042607	0.018115168
priorregion2_spot_83	0.0054754424	3.1289957e-08	0.4466438	0.28847247	3.7438295e-07	0.22121626	0.028699405	0.0094922455
priorregion2_spot_84	3.6810874e-08	2.342993e-08	0.7483373	0.14809947	3.3077185e-08	0.09484991	1.1457771e-07	0.008713077
priorregion2_spot_85	0.0011301344	3.395573e-08	0.4764988	0.28790846	1.5721515e-07	0.20346624	0.01495374	0.016042406
priorregion2_spot_86	0.012794641	8.886499e-08	0.41730714	0.27069688	0.04408585	0.2339757	0.006089627	0.015050058
priorregion2_spot_87	3.8102755e-08	1.7533527e-08	0.523841	0.24659549	1.0587826e-07	0.21008272	0.008654743	0.0108258715
priorregion2_spot_88	1.0483995e-07	2.5592774e-08	0.5248166	0.24500956	9.9366545e-08	0.20551257	0.012069256	0.012591804
priorregion2_spot_89	0.008800708	1.605165e-08	0.4813601	0.2661341	9.265425e-08	0.22498576	0.018719124	9.543823e-08
priorregion2_spot_90	0.0042358795	5.731448e-08	0.4308619	0.29564938	1.0890778e-06	0.24381457	0.015594113	0.009842967
priorregion2_spot_91	0.0059892274	0.0006569968	0.525682	0.24054205	5.1594768e-08	0.19564393	0.018961014	0.0125247
priorregion2_spot_92	0.009425978	5.09392e-08	0.4405934	0.2953514	2.0486651e-07	0.2177375	0.023745593	0.013145869
priorregion2_spot_93	0.018153775	1.8562677e-07	0.39603493	0.3024329	6.154956e-07	0.25329056	0.019464986	0.010622072
priorregion2_spot_94	0.01603741	4.6101793e-08	0.368205	0.3149528	3.0111764e-06	0.25022572	0.023214329	0.02736175
priorregion2_spot_95	0.021457944	1.10878354e-07	0.36798704	0.3068801	0.008346445	0.24986058	0.0315117	0.0139560085
priorregion2_spot_96	0.021806473	2.6555087e-08	0.4172009	0.31324518	3.232953e-05	0.22921026	0.00796059	0.010544342
priorregion2_spot_97	0.023813026	9.9141815e-08	0.34665525	0.2985324	0.013151493	0.27583075	0.019438563	0.022578383
priorregion2_spot_98	0.0066556707	3.9066602e-08	0.52642083	0.245443	2.3259508e-07	0.19617414	0.0129495505	0.012356514
priorregion2_spot_99	4.0842858e-07	8.965808e-08	0.60478723	0.20513107	1.8015143e-07	0.1703944	1.3185953e-06	0.019685242
priorregion2_spot_100	2.2194926e-07	2.4851294e-08	0.42555398	0.32558188	0.007581887	0.21037433	0.016041132	0.014866555
priorregion2_spot_101	0.0004865207	7.1772696e-08	0.3827299	0.3127456	1.4709452e-06	0.25921014	0.027730096	0.017096186
priorregion2_spot_102	0.00074000034	0.0005931595	0.65376914	0.15930878	4.9543978e-08	0.1831791	7.8803856e-07	0.0024089105
priorregion2_spot_103	0.003818615	6.952981e-08	0.5950098	0.17671691	1.3467141e-07	0.19312176	0.017276842	0.014055803
priorregion2_spot_104	0.007993488	2.305465e-08	0.46593043	0.27884695	5.713349e-07	0.21803696	0.019971164	0.009220407
priorregion2_spot_105	1.09002706e-07	3.5321982e-08	0.48557967	0.26009113	0.004981432	0.21304032	0.0283692	0.007938018
priorregion2_spot_106	0.024440298	2.7754323e-08	0.41843855	0.27549696	2.3997504e-07	0.24844508	0.016414722	0.016764108
priorregion2_spot_107	0.0040443875	1.6586851e-08	0.44280744	0.28320023	2.6452147e-07	0.24331197	0.008799108	0.017836528
priorregion3_spot_1	0.8895865	0.110413246	6.833627e-08	5.332131e-08	1.1835565e-08	5.7481728e-08	2.508467e-08	3.2326735e-08
priorregion3_spot_2	0.85508376	0.109470665	7.820871e-08	7.2570955e-08	2.370122e-08	0.026079627	3.761277e-08	0.009365722
priorregion3_spot_3	0.92604345	0.07081481	3.732172e-08	8.4118696e-08	1.9226615e-08	1.7785388e-07	1.8026724e-07	0.0031412502
priorregion3_spot_4	0.8197397	0.18026024	3.48998e-08	6.098043e-08	1.1008764e-08	1.923996e-08	2.337064e-08	1.5513237e-08
priorregion3_spot_5	0.9218075	0.06721941	7.265319e-08	0.01097273	1.06225615e-08	5.495541e-08	2.3107862e-08	2.0699822e-07
priorregion3_spot_6	0.8435221	0.13736035	2.8246706e-07	0.016903536	3.8579277e-08	2.350203e-06	3.9301565e-08	0.002211255
priorregion3_spot_7	0.7491931	0.24614716	2.5524764e-07	8.3424e-07	2.4111493e-08	4.292163e-07	0.0016416803	0.0030165382
priorregion3_spot_8	0.789463	0.21053608	7.391632e-08	3.3074792e-07	2.3100789e-08	8.3280405e-08	3.826872e-07	9.455028e-08
priorregion3_spot_9	0.8467466	0.15325208	8.187498e-08	4.1760515e-08	2.4149108e-08	1.0834958e-06	2.536913e-08	2.6781395e-08
priorregion3_spot_10	0.9297403	0.07019834	7.538467e-08	1.6300923e-08	6.4435013e-09	1.1295189e-08	6.117248e-05	2.3917424e-08
priorregion3_spot_11	0.8946396	0.10536022	1.5732802e-07	1.2017781e-08	4.983894e-09	2.5760096e-08	3.8827785e-08	1.6199007e-08
priorregion3_spot_12	0.8074507	0.1776845	2.992679e-08	0.0148646105	8.93795e-09	1.785441e-07	2.173285e-08	1.9408995e-08
priorregion3_spot_13	0.7427156	0.25728413	5.7563227e-08	6.1787695e-08	3.0981756e-08	8.486206e-08	2.982722e-08	4.7105626e-08
priorregion3_spot_14	0.8134681	0.13843931	1.2886416e-07	0.021669535	1.4680762e-07	0.026415996	3.278701e-07	6.429439e-06
priorregion3_spot_15	0.84418505	0.1441747	7.4416896e-08	0.007132995	1.9948928e-08	2.835089e-07	0.004506826	2.3627116e-08
priorregion3_spot_16	0.797137	0.1898923	1.8379416e-07	0.012970139	1.827227e-08	1.7585458e-07	5.259089e-08	3.6925677e-08
priorregion3_spot_17	0.9270612	0.072938114	5.8553223e-08	9.8988224e-08	5.5297118e-08	1.1370601e-07	4.621612e-08	3.0892718e-07
priorregion3_spot_18	0.851214	0.14108849	3.0272068e-07	0.0035925496	1.3130204e-08	1.0073842e-07	0.0027701657	0.0013344269
priorregion3_spot_19	0.9341393	0.06586032	6.7272595e-08	7.057903e-08	3.300714e-08	5.092374e-08	3.6480063e-08	5.8073066e-08
priorregion3_spot_20	0.8122933	0.18770646	1.1748312e-07	2.679907e-08	1.5422723e-08	5.705165e-08	2.9774476e-08	1.4424341e-08
priorregion3_spot_21	0.9907007	0.009299067	3.864737e-08	5.0713226e-08	1.8434616e-08	2.2202398e-08	3.6321538e-08	4.661188e-08
priorregion3_spot_22	0.84788287	0.067506514	2.2354811e-07	2.73013e-07	3.2174672e-08	0.08209554	4.3062002e-08	0.002514514
priorregion3_spot_23	0.9702591	0.02846181	4.5653287e-08	6.43927e-08	1.5696159e-08	4.498066e-08	2.5520691e-08	0.001278816
priorregion3_spot_24	0.9561389	0.041570086	2.5450274e-07	3.6560383e-08	2.610435e-08	3.1125758e-08	0.0022908687	5.17935e-08
priorregion3_spot_25	0.7083479	0.27018425	1.0535585e-07	0.008895399	3.793904e-08	0.011943482	3.2966867e-08	0.0006289068
priorregion3_spot_26	0.65057755	0.34677285	6.759064e-07	0.0026421829	4.3677755e-08	6.595862e-06	6.9794204e-08	8.2321804e-08
priorregion3_spot_27	0.57798696	0.35443276	2.1074241e-07	0.03292698	5.7569427e-08	0.032897294	0.0005144273	0.0012412927
priorregion3_spot_28	0.7962197	0.054693714	1.3971098e-07	0.031190502	1.5988377e-08	0.110163696	0.0049830326	0.002749206
priorregion3_spot_29	0.9004078	0.09959216	2.8941317e-08	1.1122035e-08	1.21775035e-08	5.993251e-08	1.1285337e-08	3.0626296e-08
priorregion3_spot_30	0.58150893	0.3421206	1.1336787e-06	0.020306442	3.7503952e-08	0.056062017	6.654533e-07	2.925626e-07
priorregion3_spot_31	0.8620527	0.11494228	1.4052851e-07	0.019421663	1.9945546e-08	2.1737507e-07	0.003582923	9.469751e-08
priorregion3_spot_32	0.92383295	0.07616682	2.901944e-08	3.4223515e-08	9.947955e-09	3.7688068e-08	1.3633685e-08	1.8433188e-07
priorregion3_spot_33	0.9800547	0.019944943	1.2071185e-07	8.070732e-08	2.1318668e-08	7.793123e-08	9.157635e-08	4.4858794e-08
priorregion3_spot_34	0.9061625	0.08592791	6.8351845e-08	8.952383e-08	2.8935528e-08	0.007907561	1.7614453e-06	6.7671515e-08
priorregion3_spot_35	0.93162096	0.058399454	5.1599088e-08	0.009979407	1.3458754e-08	4.4052673e-08	2.9564784e-08	2.0969543e-08
priorregion3_spot_36	0.76902944	0.2168985	6.5584686e-08	1.4516102e-06	2.0600542e-08	0.014070119	1.5958018e-07	2.4808116e-07
priorregion3_spot_37	0.60032684	0.39589277	7.575522e-07	0.0037773736	3.1215745e-08	9.342415e-07	2.2343423e-07	1.1044993e-06
priorregion3_spot_38	0.89415777	0.10584117	3.2079188e-07	9.5720786e-08	1.34442875e-08	6.036136e-07	1.0708344e-07	2.4320599e-08
priorregion3_spot_39	0.7417649	0.25307837	9.767581e-08	0.00515564	4.1619124e-08	6.226209e-07	1.5239219e-07	9.9410386e-08
priorregion3_spot_40	0.92174	0.07826	2.5696167e-08	1.9533264e-08	1.0304669e-08	2.7153451e-08	2.1912756e-08	9.942079e-09
priorregion3_spot_41	0.700134	0.22479591	3.37418e-07	0.01881191	3.2416672e-08	0.05620883	4.8518137e-05	4.1240546e-07
priorregion3_spot_42	0.8851392	0.11486048	5.721087e-08	6.192584e-08	1.1646345e-08	4.213237e-08	3.1781017e-08	1.0698892e-07
priorregion3_spot_43	0.8528032	0.07810429	5.991013e-08	0.052485183	3.050574e-08	0.016607057	4.3798213e-08	2.1075267e-07
priorregion3_spot_44	0.93722135	0.062778674	4.7073872e-08	3.0128216e-08	1.4715066e-08	3.2256185e-08	2.5844828e-08	2.5796023e-08
priorregion3_spot_45	0.6274119	0.27773446	0.00050712837	0.020660195	4.186237e-08	0.06906684	1.08756076e-07	0.004619253
priorregion3_spot_46	0.93585366	0.064146064	3.517167e-08	9.0390216e-08	1.3942004e-08	4.45718e-08	1.7165117e-08	7.18102e-08
priorregion3_spot_47	0.9049407	0.09066694	1.1559234e-07	2.8610332e-08	1.5278559e-08	7.138309e-08	0.0023740253	0.0020182112
priorregion3_spot_48	0.9314303	0.062055286	1.2087102e-07	1.8052722e-06	3.029859e-08	0.0065123024	3.423542e-08	5.22113e-08
priorregion3_spot_49	0.7552827	0.2332127	2.496084e-07	6.0125636e-08	9.755403e-07	0.011503233	3.4581994e-08	3.5213517e-08
priorregion3_spot_50	0.8167984	0.1460225	0.019704442	0.013833109	5.4911755e-08	2.6357247e-07	0.003641094	8.329484e-08
priorregion3_spot_51	0.997884	3.900285e-07	0.00079538545	6.0781545e-08	3.6013194e-08	4.873514e-08	0.0013200083	1.5653088e-08
priorregion3_spot_52	0.9217323	0.043490503	3.4936026e-08	0.021452969	2.5000832e-08	0.013324033	5.466551e-08	3.6977358e-08
priorregion3_spot_53	0.7639258	0.21279979	8.8615444e-08	0.019130046	1.8835726e-08	6.3572666e-06	2.0145953e-07	0.0041377633
priorregion3_spot_54	0.6339612	0.3136781	2.0316509e-07	0.045525614	2.4972314e-08	0.0046893433	0.0021453074	2.7585975e-07
priorregion3_spot_55	0.6589279	0.28867033	1.0036751e-07	0.009151555	2.0508237e-08	0.043250002	1.2766206e-07	3.9188713e-08
priorregion3_spot_56	0.7877981	0.21220133	2.7311182e-07	1.14855425e-07	2.524764e-08	6.32618e-08	2.9115183e-08	6.401098e-08
priorregion3_spot_57	0.85254	0.14745952	5.6718562e-08	1.3993329e-07	1.0879546e-08	5.9191578e-08	3.8742712e-08	8.7360974e-08
priorregion3_spot_58	0.91967493	0.08032481	1.5668594e-07	2.6294387e-08	2.4826345e-08	5.0775427e-08	1.6966055e-08	3.5549313e-08
priorregion3_spot_59	0.76970726	0.21854195	1.3380044e-07	0.011747773	1.4281979e-07	1.3641732e-06	1.0336493e-06	2.98574e-07
priorregion3_spot_60	0.9586834	0.041316442	4.4626276e-08	4.5994533e-08	1.31329e-08	3.230097e-08	2.9714997e-08	3.7066204e-08
priorregion3_spot_61	0.99999624	3.5370022e-06	4.9993833e-08	7.6880376e-08	1.0886805e-08	2.761192e-08	1.6133024e-08	9.317074e-08
priorregion3_spot_62	0.8207993	0.15428396	2.9280957e-07	0.023552895	5.7800403e-08	0.00014362214	0.0012197932	6.428246e-08
priorregion3_spot_63	0.6654675	0.3131561	2.3686506e-07	4.9004683e-07	2.4204896e-08	0.021375043	5.285122e-07	4.8736965e-08
priorregion3_spot_64	0.97932947	0.02067052	3.3450043e-08	2.0412935e-08	9.949396e-09	1.800185e-08	2.603357e-08	1.0601545e-08
priorregion3_spot_65	0.8824441	0.1175546	1.5845482e-07	1.3768984e-07	1.972451e-08	1.8609387e-07	6.158502e-08	7.435119e-07
priorregion3_spot_66	0.96688944	0.030783158	5.8058728e-08	2.1481648e-07	2.3239801e-08	0.0023269518	9.3263935e-08	2.823021e-08
priorregion3_spot_67	0.8402575	0.111687645	0.020574074	7.690815e-07	3.9597026e-08	0.027479865	5.7237763e-08	4.7157595e-08
priorregion3_spot_68	0.58806914	0.3677617	0.0026302212	0.0034525106	2.6947442e-08	0.036670815	6.1035223e-07	0.0014150417
priorregion3_spot_69	0.98717016	0.012249022	8.897188e-08	2.402573e-08	1.32252e-08	1.2576503e-07	0.0005806688	1.9472301e-08
priorregion3_spot_70	0.9999976	2.2512525e-06	3.7556433e-08	1.7445679e-08	9.999036e-09	2.463916e-08	3.748876e-08	9.454312e-09
priorregion3_spot_71	0.9644128	2.950079e-06	0.028695844	0.0068876552	1.0344359e-07	5.187542e-07	5.2678978e-08	8.728842e-08
priorregion3_spot_72	0.9640493	2.0515722e-06	1.3464297e-07	0.030586885	2.494218e-08	0.005361623	2.5486079e-08	2.5481754e-08
priorregion3_spot_73	0.96990067	0.030099023	4.220777e-08	1.3947552e-08	8.277188e-09	1.5359788e-08	1.4072695e-07	8.842078e-08
priorregion3_spot_74	0.8016451	0.19397593	0.004358587	1.18893354e-07	6.353741e-08	1.9928522e-05	1.9610799e-07	5.347551e-08
priorregion3_spot_75	0.7364458	0.22047904	8.408878e-08	0.020535413	4.5167035e-08	0.022539508	4.8846225e-08	3.4342314e-08
priorregion3_spot_76	0.6322095	0.32750046	0.0044489657	0.01277421	9.269287e-08	0.023066547	6.750524e-08	1.5088717e-07
priorregion3_spot_77	0.9104169	0.08797212	8.172489e-08	3.9185235e-08	1.9333845e-08	5.3706486e-08	0.0016108096	1.9719701e-08
priorregion3_spot_78	0.95773244	0.040770695	0.0014962672	2.888349e-07	4.13048e-08	1.5624387e-07	2.7046589e-08	8.921874e-08
priorregion3_spot_79	0.6497757	0.2690394	3.5779195e-07	0.014963304	4.9353112e-08	0.063853525	0.002367384	2.9390563e-07
priorregion3_spot_80	0.7778226	0.17736101	2.8762173e-07	0.0039571156	4.3338442e-08	0.03944196	0.0014163669	6.162033e-07
priorregion3_spot_81	0.9497093	0.042660512	9.907259e-08	0.0076295272	2.4630616e-08	2.1405818e-07	1.5118208e-07	1.5603625e-07
priorregion3_spot_82	0.9657022	0.033677425	1.8740224e-07	0.0006200087	2.6667257e-08	3.7712322e-08	2.5825182e-08	3.977152e-08
priorregion3_spot_83	0.99999493	4.9714313e-06	5.5828714e-08	3.0233448e-08	1.0210712e-08	1.9059216e-08	1.5063101e-08	4.3886537e-08
priorregion3_spot_84	0.97867006	0.021329938	4.2188358e-08	2.5303816e-08	9.5665955e-09	3.361733e-08	2.0397318e-08	2.3344832e-08
priorregion3_spot_85	0.864618	0.09680901	6.9434705e-08	0.0029671656	2.7743745e-08	0.035605613	2.5988406e-08	4.3763386e-08
priorregion3_spot_86	0.69063085	0.2887499	7.105969e-08	0.009101659	3.774285e-08	0.010117939	0.0013995545	4.076975e-08
priorregion3_spot_87	0.9507117	0.049287386	5.006019e-08	4.736627e-08	2.15609e-08	1.2286404e-07	6.0873634e-07	2.0197094e-08
priorregion3_spot_88	0.9805032	0.004588617	1.7017447e-07	0.0061822226	1.113734e-08	1.088087e-08	0.008725695	5.1386774e-08
priorregion3_spot_89	0.87462485	0.12537509	3.782073e-08	2.9253533e-08	1.0834496e-08	1.6219964e-08	3.3228943e-08	1.9899755e-08
priorregion3_spot_90	0.91461676	0.08439601	2.0403692e-07	4.357882e-05	2.799987e-08	1.203281e-07	0.0009434387	2.7743688e-08
priorregion3_spot_91	0.9562052	0.04379412	4.7626457e-08	3.3778566e-08	1.6112716e-08	4.0913072e-08	6.621785e-07	2.593305e-08
priorregion3_spot_92	0.94604546	7.2996168e-06	5.462596e-07	4.6774e-07	3.66422e-08	0.053946156	3.106879e-08	8.374604e-08
priorregion3_spot_93	0.7802399	0.16684614	2.241279e-07	0.0069913696	2.8768474e-08	0.04577751	1.0478145e-07	0.00014484885
priorregion3_spot_94	0.87891	0.12031072	3.849618e-08	4.615993e-08	2.36866e-08	0.0007791523	3.02183e-08	2.0270395e-08
priorregion3_spot_95	0.80165243	0.13576552	2.686241e-07	0.027375568	3.374284e-08	0.020999357	0.0123736635	0.0018331147
priorregion3_spot_96	0.98095065	0.019049361	2.976942e-08	3.0595157e-08	5.0902296e-09	6.045927e-09	1.8170502e-08	2.3888632e-08
priorregion3_spot_97	0.9719446	0.024410104	9.943719e-08	0.0036450273	2.231978e-08	7.314391e-08	3.445472e-08	7.90524e-08
priorregion3_spot_98	0.8181021	0.17822348	6.399215e-08	0.0036740552	2.8388984e-08	1.350023e-07	3.4756024e-08	5.7788203e-08
priorregion3_spot_99	0.73836523	0.20488633	0.017869953	0.003714411	3.4748535e-08	0.0351639	4.3040473e-08	4.9076533e-08
priorregion3_spot_100	0.99746513	5.7929075e-05	2.2623671e-07	0.0024767115	1.8124885e-08	3.3523374e-08	2.1202101e-08	1.146948e-07
priorregion3_spot_101	0.84473944	0.14801645	4.7604022e-08	0.0047828997	1.4050558e-08	3.4909498e-08	1.7588082e-08	0.0024611007
priorregion3_spot_102	0.94829017	0.051709585	8.778158e-08	6.664595e-08	2.4699247e-08	4.712673e-08	2.816089e-08	2.863564e-08
priorregion3_spot_103	0.8698109	0.13018844	1.3429404e-07	4.0589445e-08	2.3688505e-08	2.7448885e-07	3.4784296e-08	1.7681117e-07
priorregion3_spot_104	0.48934746	0.41785914	4.089635e-06	0.030687356	7.6503845e-08	0.057267893	0.004833889	4.9707204e-08
priorregion3_spot_105	0.74414384	0.22620095	1.2660806e-07	0.007071722	2.6638576e-08	0.022583263	4.9040064e-08	3.7017685e-08
priorregion3_spot_106	0.61936	0.3328355	2.1682716e-07	0.02859675	2.1297973e-08	0.015325985	0.0038810677	4.2421155e-07
priorregion3_spot_107	0.8102587	0.18775038	1.7858821e-07	4.6046015e-08	1.7755491e-08	0.0012988838	9.64651e-08	0.0006917761
priorregion3_spot_108	0.98711646	0.011287266	1.2347452e-07	6.236569e-08	2.5561448e-08	4.7617885e-08	0.0015961099	4.9278e-08
priorregion3_spot_109	0.7242021	0.27579787	3.0988318e-08	5.4252528e-08	1.6242206e-08	2.0755413e-08	1.426685e-07	3.0734615e-08
priorregion3_spot_110	0.9588978	0.031820294	5.3748348e-08	0.009271633	5.6799937e-08	2.2863708e-07	9.708787e-06	1.4137933e-07
priorregion3_spot_111	0.8544487	0.14555103	8.137186e-08	7.833111e-08	2.0394548e-08	3.8654807e-08	2.3677405e-08	7.042578e-08
priorregion3_spot_112	0.88329893	0.042138442	2.1690012e-07	0.008465471	1.1043596e-08	0.05535821	0.010738774	1.0990035e-08
priorregion3_spot_113	0.8688581	0.07982027	1.2645611e-07	9.558229e-07	3.6659387e-08	0.030642927	0.020677544	4.3936684e-08
priorregion3_spot_114	0.86552906	0.12810417	6.3429e-08	5.2913585e-08	8.2851905e-08	0.006366364	1.0020647e-07	4.8622805e-08
priorregion3_spot_115	0.9529849	8.553288e-06	8.437126e-08	0.0066074617	0.0036973688	0.031973533	0.004727776	3.1064727e-07
priorregion3_spot_116	0.88613886	0.11386084	3.8466244e-08	6.245813e-08	2.4703333e-08	1.1097144e-07	5.3055746e-08	5.6880292e-08
priorregion3_spot_117	0.9579073	0.042092215	1.05590395e-07	3.456804e-08	1.3449228e-08	3.7478895e-08	2.8165818e-08	1.7561759e-07
priorregion4_spot_1	1.6318602e-06	0.9999983	3.8443037e-08	4.6720643e-08	1.511075e-08	1.962749e-08	1.714344e-08	1.6556106e-08
priorregion4_spot_2	0.123112306	0.8768877	2.7542578e-08	2.6706386e-08	1.6093663e-08	1.960559e-08	2.2930365e-08	2.762038e-08
priorregion4_spot_3	3.056307e-07	0.995907	1.11875146e-07	4.1600444e-08	9.128841e-08	6.1191166e-08	3.6596465e-08	0.004092297
priorregion4_spot_4	0.040865816	0.95913416	2.6736377e-08	1.3747468e-08	1.2024124e-08	1.3022099e-08	2.0960691e-08	2.0177204e-08
priorregion4_spot_5	0.013660547	0.9863394	3.246249e-08	1.5253736e-08	1.3298446e-08	1.868691e-08	1.1441074e-07	2.6553636e-08
priorregion4_spot_6	0.19227542	0.8077246	2.9574991e-08	1.827937e-08	1.1998434e-08	3.2281868e-08	1.6362398e-08	2.719237e-08
priorregion4_spot_7	3.2647938e-07	0.9969017	0.0030978895	2.9705683e-08	9.009079e-09	9.137721e-09	4.3349615e-08	1.7411862e-08
priorregion4_spot_8	0.13268192	0.86731803	2.6404722e-08	2.2849644e-08	1.5151741e-08	3.2347e-08	3.2940758e-08	2.4616158e-08
priorregion4_spot_9	0.16248226	0.8375177	2.973684e-08	2.067143e-08	1.2577269e-08	2.3105725e-08	4.3223686e-08	3.073968e-08
priorregion4_spot_10	1.7859392e-07	0.9418454	4.231033e-08	0.05815427	2.2189147e-08	3.336602e-08	3.4574214e-08	5.8249675e-08
priorregion4_spot_11	0.09602667	0.903973	3.0068634e-08	3.0981877e-07	1.4217046e-08	2.325676e-08	2.5088244e-08	2.9414455e-08
priorregion4_spot_12	1.3188865e-06	0.99999857	3.018747e-08	1.9399295e-08	9.8810515e-09	2.2607315e-08	1.716265e-08	5.7900607e-08
priorregion4_spot_13	0.27270418	0.7272958	3.2067927e-08	2.8592654e-08	1.1834505e-08	4.1000746e-08	3.3572935e-08	2.8976602e-08
priorregion4_spot_14	1.7054801e-06	0.9999982	2.7796233e-08	1.20026655e-08	1.8973141e-08	2.0313513e-08	1.7721973e-08	6.543657e-08
priorregion4_spot_15	1.1623242e-06	0.99999857	5.333188e-08	2.3146473e-08	2.6777183e-08	2.8030737e-08	4.398836e-08	2.8303046e-07
priorregion4_spot_16	0.083297014	0.9167027	4.7050197e-08	4.0681854e-08	2.66086e-08	5.6248698e-08	6.757488e-08	3.2941866e-08
priorregion4_spot_17	0.10148495	0.89851505	2.9130957e-08	1.4644131e-08	1.147297e-08	1.8164698e-08	1.8576582e-08	2.6193865e-08
priorregion4_spot_18	5.128115e-07	0.9989549	2.8214085e-08	0.0010446063	1.1000667e-08	1.2827115e-08	3.154317e-08	3.634308e-08
priorregion4_spot_19	0.2634926	0.7365071	1.2458109e-07	3.009483e-08	2.6388644e-08	4.286384e-08	6.414132e-08	8.468459e-08
priorregion4_spot_20	0.24909721	0.7509024	3.4343685e-08	5.448349e-08	2.2796685e-08	1.14462225e-07	3.6088824e-08	2.7666173e-08
priorregion4_spot_21	2.895774e-07	0.99999917	2.422677e-08	5.242825e-07	1.2441991e-08	2.1095046e-08	1.7723778e-08	2.2876344e-08
priorregion4_spot_22	5.6064647e-07	0.998551	1.9660208e-08	9.618194e-09	8.187259e-09	8.276747e-09	0.0014481489	2.449082e-07
priorregion4_spot_23	1.9558918e-07	0.99999976	2.5651282e-08	1.3120509e-08	8.3084055e-09	1.25323165e-08	1.6917438e-08	3.7269125e-08
priorregion4_spot_24	0.0992028	0.90074503	7.419507e-08	5.166276e-05	2.846006e-08	4.7024983e-08	2.8238838e-07	1.0656489e-07
priorregion4_spot_25	0.03721281	0.96278715	2.4302174e-08	3.5862715e-08	2.109884e-08	2.6009689e-08	4.0259575e-08	1.7269405e-08
priorregion4_spot_26	0.13355955	0.86644036	5.0598004e-08	2.1261757e-08	1.794906e-08	5.1854634e-08	3.396642e-08	3.1767986e-08
priorregion4_spot_27	0.34455344	0.6554465	4.196018e-08	2.784801e-08	9.216436e-09	2.6932518e-08	3.3088067e-08	4.616339e-08
priorregion4_spot_28	0.14489819	0.8551017	3.0916777e-08	2.2732078e-08	1.3858454e-08	2.2426653e-08	2.4356577e-08	7.412944e-08
priorregion4_spot_29	7.2962744e-06	0.99999255	3.2272702e-08	3.659165e-08	2.6848188e-08	4.427241e-08	2.4427658e-08	7.710053e-08
priorregion4_spot_30	0.12897135	0.870388	5.563654e-08	0.0006405339	2.1094543e-08	2.3552008e-08	2.0711823e-08	2.2623691e-08
priorregion4_spot_31	2.7632277e-07	0.9999997	8.789354e-08	5.0752904e-09	6.979615e-09	1.6185302e-08	2.5202267e-08	2.5304187e-08
priorregion4_spot_32	0.22728491	0.7721947	4.6197957e-08	0.00052035996	1.2432034e-08	2.6441773e-08	2.8473442e-08	2.3250402e-08
priorregion4_spot_33	0.252685	0.74731463	4.0527397e-08	3.7604643e-08	2.2223206e-08	4.261674e-08	3.81515e-08	5.7351137e-08
priorregion4_spot_34	0.07479559	0.922839	3.4842042e-08	2.787788e-08	1.4608774e-08	3.2709515e-08	0.0023653873	4.016194e-08
priorregion4_spot_35	1.20726e-07	0.999174	2.8782534e-08	0.0008259237	5.7088236e-09	8.895985e-09	1.1864259e-08	2.0160599e-08
priorregion4_spot_36	4.3639156e-07	0.9915732	9.3874284e-08	0.0061029927	2.0812028e-08	5.0491092e-08	1.6378519e-07	0.002322967
priorregion4_spot_37	1.869101e-07	0.9999998	2.1730232e-08	5.7011884e-09	8.732101e-09	9.103914e-09	1.554509e-08	1.0221816e-08
priorregion4_spot_38	0.27461267	0.7237282	5.194257e-08	2.7398983e-08	2.093838e-08	2.9602225e-08	2.8020173e-08	0.0016591593
priorregion4_spot_39	3.3175579e-07	0.99999964	2.3334264e-08	1.4299834e-08	7.2636412e-09	1.6984725e-08	4.741022e-08	1.8140355e-08
priorregion4_spot_40	0.08888622	0.9111137	2.9548335e-08	1.3236535e-08	1.2045168e-08	1.4388074e-08	7.598827e-08	1.465046e-08
priorregion4_spot_41	0.01163733	0.9883624	4.0438284e-08	3.2543184e-08	1.1272727e-08	2.8818008e-08	2.4069703e-07	1.9251033e-08
priorregion4_spot_42	1.8633972e-07	0.99999976	1.8805617e-08	1.03839675e-08	6.4190795e-09	8.550789e-09	5.2134205e-08	1.3826216e-08
priorregion4_spot_43	0.022657717	0.96684444	3.3006966e-08	0.010497783	1.3579601e-08	3.11844e-08	4.0183963e-08	2.3953993e-08
priorregion4_spot_44	0.0448461	0.9551536	1.304673e-07	4.6557908e-08	2.8999938e-08	3.6667718e-08	5.56684e-08	2.758959e-08
priorregion4_spot_45	9.637349e-07	0.99999905	2.1967445e-08	1.2395127e-08	6.143291e-09	1.9460412e-08	1.7266988e-08	1.8707544e-08
priorregion4_spot_46	0.05941026	0.94058967	4.483698e-08	9.645574e-09	1.1793582e-08	8.69029e-09	2.0144773e-08	1.3316234e-08
priorregion4_spot_47	7.0012806e-07	0.9999991	3.6003193e-08	1.6875191e-08	1.5831382e-08	1.972962e-08	1.6403852e-07	2.245057e-08
priorregion4_spot_48	0.06236101	0.937639	2.399607e-08	1.6970056e-08	1.279838e-08	1.990662e-08	2.4412197e-08	2.4634419e-08
priorregion4_spot_49	0.16288672	0.83711326	3.0365623e-08	9.747013e-09	1.3011942e-08	2.2042908e-08	2.4393778e-08	1.8568388e-08
priorregion4_spot_50	1.7983957e-07	0.99999976	2.4101285e-08	2.6017585e-08	1.4624605e-08	1.3545285e-08	1.5747728e-08	2.3044304e-08
priorregion4_spot_51	0.07969975	0.92030025	2.4888351e-08	1.046784e-08	1.0002638e-08	1.5208736e-08	2.3189207e-08	1.2753853e-08
priorregion4_spot_52	0.14271607	0.8572838	5.5899307e-08	2.944661e-08	1.808617e-08	2.172338e-08	2.6069557e-08	4.1756376e-08
priorregion4_spot_53	9.739578e-07	0.99999905	3.9047578e-08	7.975681e-09	8.4054195e-09	1.2652753e-08	1.1249472e-08	2.0461052e-08
priorregion4_spot_54	0.17799206	0.8208929	3.4724984e-08	8.932856e-09	1.1579997e-08	1.6940964e-08	0.0011150049	2.7394947e-08
priorregion4_spot_55	0.16380627	0.83586305	4.7751232e-08	0.0003303643	1.44106655e-08	5.569157e-08	4.4990017e-08	4.5684995e-08
priorregion4_spot_56	0.16125385	0.836744	5.977451e-08	0.002001918	1.29828335e-08	2.3204246e-08	2.0138344e-07	3.0763655e-08
priorregion4_spot_57	3.3151073e-07	0.99876803	4.2500208e-08	2.1884075e-08	1.8093777e-08	4.8699725e-08	2.9203433e-08	0.0012314942
priorregion4_spot_58	0.24475048	0.75524896	7.413053e-08	3.4389874e-08	1.46719845e-08	5.5030302e-08	1.9614797e-07	1.06619346e-07
priorregion4_spot_59	2.7199388e-07	0.9999997	3.1370718e-08	1.5337635e-08	1.2845887e-08	1.5554717e-08	2.2543581e-08	1.9018179e-08
priorregion4_spot_60	0.27452308	0.72243214	8.378673e-08	1.1982762e-07	1.4214674e-08	5.089636e-08	0.0030445997	4.36671e-08
priorregion4_spot_61	2.2571653e-07	0.99999976	2.455691e-08	5.6872427e-09	5.5340297e-09	1.624868e-08	1.0136806e-08	2.0655834e-08
priorregion4_spot_62	0.100367785	0.8996321	7.2191334e-08	3.4214327e-08	2.500213e-08	5.6633517e-08	3.507493e-08	2.8420361e-08
priorregion4_spot_63	5.098076e-07	0.9999995	2.1950665e-08	6.3500156e-09	6.780482e-09	1.3947485e-08	1.668329e-08	1.0652746e-08
priorregion4_spot_64	6.348128e-07	0.9912641	5.1170584e-08	2.6581912e-08	1.1710493e-08	1.9248736e-08	0.008735071	6.895351e-08
priorregion4_spot_65	0.025567828	0.974432	9.092843e-08	2.2557765e-08	1.6804616e-08	2.5215238e-08	1.2007581e-08	7.416931e-08
priorregion4_spot_66	0.117370576	0.8826294	4.1217287e-08	1.7552342e-08	1.1965739e-08	2.4995686e-08	2.0568956e-08	2.957978e-08
priorregion4_spot_67	0.059398495	0.9406012	3.3479218e-08	2.68588e-08	1.5290642e-08	2.5352714e-08	1.0197219e-07	1.4976857e-07
priorregion4_spot_68	0.033186454	0.96681356	2.9897002e-08	1.6591466e-08	1.1380339e-08	2.7968756e-08	2.3313131e-08	1.3334495e-08
priorregion4_spot_69	1.3202097e-07	0.9999999	1.717797e-08	1.0862071e-08	1.03287725e-08	9.478116e-09	1.0943932e-08	1.2520325e-08
priorregion4_spot_70	4.834243e-07	0.9999994	3.4021635e-08	5.7436804e-08	3.94223e-08	9.243473e-08	3.58482e-08	4.057374e-08
priorregion4_spot_71	0.2125495	0.7874503	3.245398e-08	2.5311941e-08	1.6051688e-08	4.2030212e-08	3.3091137e-08	2.7933185e-08
priorregion4_spot_72	3.9049576e-07	0.99999964	2.0982164e-08	1.2011924e-08	4.5484523e-09	1.1723758e-08	1.4333607e-08	2.059131e-08
priorregion4_spot_73	1.5562172e-07	0.9999999	2.7325509e-08	8.319518e-09	8.9497725e-09	1.8948626e-08	1.5705911e-08	3.6998898e-08
priorregion4_spot_74	0.36789262	0.63210654	9.9188185e-08	1.4127491e-07	2.5659455e-08	1.0545908e-07	3.9303083e-07	6.303898e-08
priorregion4_spot_75	2.2961453e-06	0.99428284	0.002363402	3.598785e-08	1.3882304e-08	1.470954e-08	0.0033513384	6.204472e-08
priorregion4_spot_76	0.2593696	0.74062586	7.591077e-08	4.2875413e-06	2.5933852e-08	7.5550254e-08	4.542827e-08	8.8473655e-08
priorregion4_spot_77	0.17608789	0.823912	6.3179996e-08	1.6966997e-08	8.192834e-09	3.1139425e-08	2.3416357e-08	4.714207e-08
priorregion4_spot_78	0.002856651	0.9894476	3.5285886e-08	0.0076958197	2.0962759e-08	4.6898787e-08	2.397812e-08	1.882767e-08
priorregion4_spot_79	5.0946887e-06	0.99999493	1.6130867e-08	9.466209e-09	1.0511046e-08	1.41421985e-08	1.7005693e-08	2.0221504e-08
priorregion4_spot_80	1.4957563e-05	0.9999851	3.2097645e-08	1.5720858e-08	2.0150141e-08	2.6798734e-08	3.713316e-08	2.4927674e-08
priorregion4_spot_81	6.469524e-07	0.99866766	1.7962288e-08	0.0013317901	1.9127958e-08	2.3540462e-08	1.5051457e-08	2.1061288e-08
priorregion4_spot_82	0.09547774	0.90452206	5.686385e-08	3.1764543e-08	1.6642876e-08	5.4830775e-08	4.7235257e-08	2.8506358e-08
priorregion4_spot_83	0.21286494	0.78713477	4.6326296e-08	6.209374e-08	1.7087093e-08	4.359361e-08	2.7182615e-08	4.4967713e-08
priorregion4_spot_84	1.25558845e-05	0.9999872	4.975188e-08	3.670732e-08	1.0732852e-08	1.8085579e-09	3.2043822e-08	3.3944485e-08
priorregion4_spot_85	0.03158277	0.96841717	4.7525003e-08	7.552722e-09	5.4515987e-09	1.2241237e-08	9.3750465e-09	9.590159e-09
priorregion4_spot_86	7.695607e-06	0.9999923	2.5893597e-08	1.1894069e-08	6.384601e-09	1.0363404e-08	1.2778239e-08	2.4016025e-08
priorregion4_spot_87	0.12961465	0.87038535	1.4294576e-08	9.92725e-09	8.285151e-09	9.326188e-09	8.693619e-09	9.815814e-09
priorregion4_spot_88	0.0034695782	0.990378	0.0061523025	1.7089963e-08	1.2647644e-08	3.0951572e-08	9.261126e-08	6.4758076e-08
priorregion4_spot_89	0.110505655	0.88949406	5.5454937e-08	4.4860197e-08	1.6500012e-08	3.7805904e-08	3.6243243e-08	3.5629522e-08
priorregion4_spot_90	2.0035706e-07	0.9999998	3.562408e-08	5.658449e-09	5.2721223e-09	1.2997516e-08	1.4156124e-08	1.1251632e-08
priorregion4_spot_91	1.6658808e-07	0.9999998	2.3057112e-08	2.1440842e-08	1.5319795e-08	1.6099548e-08	3.4150588e-08	2.405973e-08
priorregion4_spot_92	0.077868335	0.9221316	4.4697455e-08	1.8569919e-08	1.0915504e-08	2.0605171e-08	2.862008e-08	2.427673e-08
priorregion4_spot_93	5.9830563e-07	0.99975806	3.4622836e-08	2.49011e-08	2.0587713e-08	3.7278127e-08	0.00024126277	1.9181812e-08
priorregion4_spot_94	5.775301e-07	0.9999993	4.3037296e-08	9.73381e-09	1.1110732e-08	9.068462e-09	2.4872305e-08	3.4001776e-08
priorregion4_spot_95	0.01522331	0.98477656	3.2204717e-08	3.422526e-08	1.8493832e-08	2.3645388e-08	1.1170199e-07	7.784564e-08
priorregion4_spot_96	8.6288554e-07	0.99999917	2.6618174e-08	2.3011612e-08	1.0326934e-08	1.665165e-08	1.8452994e-08	1.6085906e-08
priorregion4_spot_97	2.1441588e-06	0.9994615	2.8480367e-08	0.0005363978	2.4258435e-08	3.215414e-08	3.2300647e-08	3.076626e-08
priorregion4_spot_98	4.2951518e-07	0.9999996	3.258886e-08	8.597523e-09	1.2754231e-08	7.13148e-09	3.052435e-08	8.0899465e-09
priorregion4_spot_99	0.093856916	0.90614307	3.3667273e-08	1.0548063e-08	1.1055667e-08	1.6048139e-08	1.6807416e-08	1.9636701e-08
priorregion4_spot_100	1.1596445e-06	0.99999875	3.335761e-08	1.5748968e-08	8.567486e-09	7.639027e-09	1.662317e-08	2.3070044e-08
priorregion4_spot_101	0.14139543	0.8586042	7.441141e-08	4.5126534e-08	1.9966652e-08	4.3121368e-08	8.7378695e-08	5.181803e-08
priorregion4_spot_102	0.22792411	0.77207553	4.6633318e-08	4.0213312e-08	1.8179291e-08	3.7530405e-08	1.457821e-07	2.9572403e-08
priorregion4_spot_103	7.5430603e-07	0.9989931	3.4846575e-08	0.0010060692	1.1914815e-08	1.4122459e-08	3.812629e-08	2.4842182e-08
priorregion4_spot_104	0.41628987	0.58370715	6.271869e-08	2.74144e-06	1.8660733e-08	1.1604219e-07	6.64278e-08	3.7619785e-08
priorregion4_spot_105	0.098301865	0.9016981	4.3932545e-08	1.15325385e-08	9.08026e-09	1.2396642e-08	2.4284658e-08	1.9944425e-08
priorregion4_spot_106	9.1074605e-07	0.9999939	5.1130496e-06	8.0603275e-09	3.3525584e-08	2.7113636e-08	2.0589244e-08	3.840714e-08
priorregion4_spot_107	0.23856133	0.7614383	4.3365404e-08	3.3539038e-08	1.43897925e-08	3.26601e-08	1.0565299e-07	2.6926633e-08
priorregion4_spot_108	0.008780616	0.9912194	3.4891816e-08	1.6819445e-08	1.2857865e-08	1.994092e-08	2.7318107e-08	2.4818831e-08
priorregion4_spot_109	3.22467e-07	0.9999996	3.6607773e-08	1.194583e-08	1.1668772e-08	1.5015514e-08	2.1713586e-08	1.0610213e-07
priorregion4_spot_110	0.2000038	0.7999959	3.002454e-08	1.952427e-08	2.85023e-08	3.3589306e-08	1.1458423e-07	5.2676736e-08
priorregion4_spot_111	0.01756644	0.9824335	3.5072524e-08	6.9274835e-09	5.460663e-09	2.4467266e-09	1.1307839e-08	1.5072867e-08
priorregion4_spot_112	8.523932e-05	0.9894469	2.4364854e-07	0.010467386	6.6392323e-09	1.4499367e-08	2.7596522e-08	1.9781369e-07
priorregion4_spot_113	0.059414696	0.94058484	1.6625854e-07	3.5886266e-08	4.2008168e-08	5.9970944e-08	3.599238e-08	4.1387235e-08
priorregion4_spot_114	0.10356444	0.8964354	2.7815004e-08	2.455214e-08	1.4640843e-08	2.2709536e-08	1.5677125e-07	2.1954547e-08
priorregion4_spot_115	0.08771084	0.9122891	3.067403e-08	3.684544e-08	1.7171676e-08	3.3727844e-08	3.7978186e-08	4.0361645e-08
priorregion4_spot_116	3.2421126e-06	0.99999636	3.5090103e-08	5.338555e-08	2.1036335e-08	2.7071884e-08	1.6433108e-07	5.6212617e-08
priorregion4_spot_117	2.5899615e-07	0.9996308	1.1893628e-07	9.510903e-09	1.0002621e-08	1.554223e-08	0.00036873695	3.8992592e-08
priorregion4_spot_118	0.20693083	0.7930686	5.3096198e-08	7.1901646e-08	3.153955e-08	6.259459e-08	2.5582315e-07	3.8268297e-08
priorregion5_spot_1	2.0104814e-08	1.2089292e-08	2.8442347e-08	1.0753283e-07	0.74643695	0.16011825	0.0102509195	0.08319368
priorregion5_spot_2	4.0067764e-08	1.783442e-08	2.1632555e-08	5.1959425e-08	0.83686393	0.11308992	1.0493196e-06	0.050044946
priorregion5_spot_3	1.4628009e-08	7.643719e-09	1.683514e-08	0.003332499	0.87680984	0.066432305	0.0026888752	0.05073639
priorregion5_spot_4	1.0772278e-08	9.236197e-09	1.1720347e-08	2.2355682e-08	0.98245525	8.3091834e-08	2.7623006e-08	0.017544657
priorregion5_spot_5	2.697612e-07	3.368147e-08	2.5553758e-08	9.064486e-08	0.9690662	0.030050702	1.1454123e-07	0.0008826058
priorregion5_spot_6	1.8294555e-08	1.4600356e-08	5.0811945e-08	0.005304202	0.6291581	0.23469168	0.03397787	0.09686805
priorregion5_spot_7	5.2915883e-08	0.00023736009	1.0679449e-08	5.9762097e-09	0.9780874	1.250919e-07	7.847513e-08	0.02167496
priorregion5_spot_8	9.358195e-09	1.0844541e-08	6.135168e-08	3.831515e-08	0.949132	0.041101523	5.5603884e-08	0.0097663
priorregion5_spot_9	1.0887552e-08	5.059009e-09	1.5711807e-08	9.737572e-09	0.9789051	3.8901124e-08	1.9386414e-08	0.021094913
priorregion5_spot_10	1.5555766e-08	1.4779273e-08	1.0886046e-08	1.4841434e-08	0.9999992	6.116891e-08	8.688667e-08	4.278117e-07
priorregion5_spot_11	0.000753547	1.41118e-08	2.0281137e-08	0.019001054	0.9132539	0.048228353	0.006608863	0.012154225
priorregion5_spot_12	1.0459849e-08	6.424811e-09	8.704057e-09	7.938691e-09	0.99999905	4.3575387e-08	1.8280677e-08	9.194936e-07
priorregion5_spot_13	8.909231e-09	4.229629e-09	2.1095014e-08	0.0041521275	0.95992655	3.9653173e-08	0.0037619094	0.032159396
priorregion5_spot_14	0.01058635	1.85568e-08	2.0759492e-08	2.2316826e-06	0.9621956	4.124023e-08	5.6440865e-07	0.027215285
priorregion5_spot_15	1.97344e-08	8.5063885e-09	2.3985729e-08	8.1433576e-08	0.8960238	0.060876023	1.2588873e-07	0.043099795
priorregion5_spot_16	2.6019357e-08	7.7458795e-09	1.9207866e-08	9.111396e-09	0.9467362	0.053263303	5.89558e-08	1.8947613e-07
priorregion5_spot_17	0.0003820643	2.1180231e-08	2.3140784e-08	0.0033269061	0.79947364	0.11775806	0.0025105667	0.07654868
priorregion5_spot_18	3.3731304e-08	0.0036658794	4.8785034e-07	2.8082603e-08	0.98679006	7.536187e-08	4.1464247e-08	0.009543419
priorregion5_spot_19	1.3105461e-08	1.3805013e-08	2.2067425e-08	4.709621e-08	0.99669343	1.2934237e-07	0.0033061197	2.4696652e-07
priorregion5_spot_20	4.3353783e-09	5.08207e-09	3.5708032e-09	2.7368587e-09	0.9979231	1.5858989e-08	0.0020767169	1.9707282e-07
priorregion5_spot_21	1.4075111e-08	1.1352107e-08	2.4300524e-08	0.0048611625	0.8468807	0.08215658	0.014167762	0.051933754
priorregion5_spot_22	3.03219e-08	1.4967274e-08	1.8045812e-08	6.689894e-08	0.8481568	0.08585847	0.00403783	0.06194673
priorregion5_spot_23	3.0587746e-08	3.311445e-08	0.0032789707	2.1976786e-07	0.99127465	3.0184233e-07	0.00043364597	0.0050120857
priorregion5_spot_24	1.769396e-07	1.2951707e-08	1.5498498e-08	0.0013713903	0.97420025	0.0039577293	0.002288636	0.018181797
priorregion5_spot_25	1.3682667e-08	8.812531e-09	2.7589724e-08	5.024596e-08	0.89897823	0.07031917	0.0022957271	0.028406834
priorregion5_spot_26	1.315229e-08	6.1493544e-09	8.976324e-09	3.1377836e-09	0.97843057	9.779326e-08	0.0087603815	0.012808974
priorregion5_spot_27	3.6037036e-08	1.3061184e-08	4.4570807e-08	3.347184e-08	0.8485953	0.090920374	9.814075e-08	0.060484055
priorregion5_spot_28	1.9166205e-08	1.6041115e-08	2.7019873e-08	0.0029066016	0.90008384	0.059678372	0.0064326217	0.03089851
priorregion5_spot_29	8.763494e-09	1.0398482e-08	1.8989066e-08	0.00072609936	0.92504805	0.049640615	3.6718006e-08	0.024585113
priorregion5_spot_30	7.643232e-09	4.670214e-09	2.7130069e-08	2.1790337e-08	0.917632	0.055374317	7.500754e-08	0.026993534
priorregion5_spot_31	1.2498333e-08	1.1161544e-08	2.0689273e-08	4.364766e-08	0.9538594	0.038963307	5.083908e-08	0.0071771517
priorregion5_spot_32	2.9081593e-07	6.3635714e-09	1.9182421e-08	4.6346887e-08	0.9574616	0.014511767	4.2173017e-08	0.028026288
priorregion5_spot_33	1.1419913e-08	5.0042943e-09	2.313411e-08	2.173199e-08	0.93921375	0.044994455	0.0033232255	0.0124684945
priorregion5_spot_34	1.6084693e-08	1.3418325e-08	0.0069834166	1.6811981e-08	0.97479117	1.507037e-07	0.013049622	0.00517558
priorregion5_spot_35	0.0044338866	5.3339e-08	9.348735e-08	2.3039952e-08	0.9855611	2.016198e-07	3.817444e-08	0.010004704
priorregion5_spot_36	5.7336793e-09	4.6487703e-09	9.228495e-09	1.1318165e-08	0.9925203	0.0074796025	1.5290679e-08	1.1645693e-07
priorregion5_spot_37	2.7641443e-08	1.23235e-08	1.8356644e-08	3.53587e-08	0.8588508	0.10075664	9.545956e-08	0.04039239
priorregion5_spot_38	1.0776736e-08	6.9988157e-09	2.377024e-08	5.512678e-08	0.8948489	0.06295924	0.0045812954	0.03761055
priorregion5_spot_39	1.4683744e-08	7.031511e-09	3.5524327e-08	7.746668e-08	0.7975113	0.15134779	0.0017273552	0.04941342
priorregion5_spot_40	2.292554e-08	4.8719198e-09	2.0770091e-08	2.8878056e-09	0.97903657	9.336775e-08	1.770697e-07	0.0209631
priorregion5_spot_41	3.06018e-08	1.53817e-08	5.0916732e-08	0.008434274	0.77318484	0.12763117	1.5950818e-06	0.09074806
priorregion5_spot_42	1.4418196e-08	2.2053593e-08	3.270738e-08	0.02496351	0.9304625	0.019062394	0.0069222236	0.018589363
priorregion5_spot_43	1.0665201e-08	1.1369495e-08	1.5655578e-08	1.6420051e-08	0.8831964	0.060835272	0.01171497	0.044253297
priorregion5_spot_44	2.621284e-08	1.0194511e-08	2.1488553e-08	3.5624097e-08	0.82535195	0.098421186	0.007769853	0.06845697
priorregion5_spot_45	1.8680645e-08	1.0680497e-08	9.497059e-08	1.9075635e-06	0.76962227	0.16159776	0.0062378664	0.06254004
priorregion5_spot_46	1.202823e-08	9.805068e-09	2.6054504e-08	0.015745118	0.85767657	0.07298823	0.0064627584	0.047127288
priorregion5_spot_47	2.1554444e-08	1.6029162e-08	6.107964e-05	0.0053267437	0.9428774	0.015179675	0.0024506755	0.034104448
priorregion5_spot_48	2.1554536e-08	3.2532622e-08	2.2722508e-08	5.542083e-08	0.98069805	1.5878047e-07	2.7245639e-08	0.019301677
priorregion5_spot_49	1.2592111e-08	8.095561e-09	5.3152117e-08	4.896395e-08	0.7234965	0.17002603	0.013735664	0.09274173
priorregion5_spot_50	1.764084e-07	0.0014135815	8.012798e-08	0.012578894	0.9319315	0.033564933	9.797835e-07	0.020509824
priorregion5_spot_51	4.339645e-08	1.8018673e-08	2.973608e-07	0.020904519	0.62581736	0.24366628	0.0134787215	0.09613276
priorregion5_spot_52	1.0162717e-08	6.74349e-09	4.6562587e-08	0.020088151	0.8432679	0.0708213	0.0071148844	0.05870765
priorregion5_spot_53	1.3782039e-08	1.0617384e-08	3.788693e-08	4.2529816e-08	0.8455677	0.10044001	0.001181758	0.0528104
priorregion5_spot_54	0.0014553333	2.3100423e-08	1.1251976e-08	3.327363e-08	0.9437559	0.012381744	0.017047282	0.025359644
priorregion5_spot_55	0.0035802196	2.885944e-08	3.3889645e-08	4.0507942e-08	0.6786221	0.21975137	0.019479908	0.07856619
priorregion5_spot_56	1.0309164e-07	2.8044983e-08	0.002775335	0.006245122	0.7146241	0.18465833	0.010046567	0.08165039
priorregion5_spot_57	0.0067532463	8.946112e-09	2.5006967e-08	1.2568388e-08	0.9424601	0.017433967	0.016812906	0.016539743
priorregion5_spot_58	1.1548633e-08	8.094313e-09	0.0016571697	3.361011e-08	0.9097789	0.051215243	2.4368699e-08	0.037348624
priorregion5_spot_59	3.0742292e-08	1.05856275e-08	4.12301e-08	3.1735553e-08	0.7412183	0.17731504	3.2020623e-07	0.08146618
priorregion5_spot_60	3.2880617e-08	4.235712e-08	0.002663126	0.0056518745	0.9640772	4.1658544e-07	2.9335839e-08	0.027607229
priorregion5_spot_61	3.6393146e-08	1.238807e-08	3.2688895e-08	5.359324e-08	0.6890889	0.218296	0.0012910429	0.09132382
priorregion5_spot_62	6.5297755e-08	2.371138e-08	9.507548e-08	0.0025972745	0.89507586	0.080974184	5.2975587e-08	0.021352386
priorregion5_spot_63	2.7652357e-08	1.4048713e-08	1.7502451e-07	7.9683375e-08	0.68920076	0.18375205	0.011966617	0.11508026
priorregion5_spot_64	8.2128764e-08	3.3036113e-08	6.755242e-08	5.780446e-08	0.9035531	0.05292687	0.007346033	0.03617371
priorregion5_spot_65	1.8911908e-08	1.2556205e-08	1.9132939e-08	0.003248619	0.97806627	0.007572207	8.863555e-08	0.011112742
priorregion5_spot_66	7.8845396e-08	5.699798e-08	3.4897436e-08	0.0045608724	0.7114402	0.16260442	0.014506001	0.10688834
priorregion5_spot_67	1.1427737e-08	1.09474465e-08	1.6165913e-08	0.00047965994	0.9924284	5.6867673e-08	1.3129106e-08	0.0070918514
priorregion5_spot_68	8.973406e-09	6.052321e-09	2.6343074e-08	2.076095e-08	0.99295217	2.3006876e-07	0.007046922	6.1606784e-07
priorregion5_spot_69	1.9945668e-08	1.0672892e-08	4.206088e-08	0.004575179	0.73137283	0.17793812	0.013186527	0.07292722
priorregion5_spot_70	6.111876e-09	5.316388e-09	2.2394774e-08	1.416886e-07	0.96076894	6.052806e-08	3.5891418e-08	0.039230805
priorregion5_spot_71	1.4083347e-08	1.0125243e-08	2.4719402e-08	1.8895207e-08	0.9607483	1.6908155e-06	0.012800688	0.026449235
priorregion5_spot_72	8.982703e-09	6.8160944e-09	1.572794e-08	4.3476504e-08	0.93127644	0.038170025	5.5049505e-08	0.030553346
priorregion5_spot_73	0.0024280301	1.5293393e-08	0.0063660783	1.8029331e-08	0.9542542	0.00683114	0.0033612791	0.026759181
priorregion5_spot_74	1.5309094e-08	6.8791866e-09	2.7672627e-08	6.932135e-08	0.8375347	0.12300233	5.988791e-08	0.03946275
priorregion5_spot_75	2.0369182e-08	2.0308821e-08	0.00301465	1.9935149e-08	0.9799443	0.007904759	3.360492e-08	0.009136238
priorregion5_spot_76	2.7129094e-08	2.3128527e-08	5.1944728e-08	2.7852277e-08	0.9479508	0.043184936	5.2822696e-08	0.008864192
priorregion5_spot_77	1.2682662e-08	9.8458095e-09	9.929203e-09	8.854653e-09	0.981439	1.7891398e-07	3.665465e-08	0.018560681
priorregion5_spot_78	1.0470905e-08	5.277913e-09	7.2076682e-09	6.0922627e-09	0.9999999	2.4498837e-08	2.9370064e-08	1.0674408e-07
priorregion5_spot_79	5.294463e-08	2.5381842e-08	5.9344963e-08	0.010918163	0.74426514	0.17208678	0.010135166	0.06259469
priorregion5_spot_80	1.3630258e-08	6.6678743e-09	7.195568e-09	7.876572e-09	0.9659613	0.021713441	0.0026091798	0.009716135
priorregion5_spot_81	2.582144e-08	9.71939e-09	3.6502264e-08	0.0041286615	0.8311758	0.093314216	0.007829378	0.06355189
priorregion5_spot_82	1.7304002e-08	3.368135e-08	3.15959e-08	6.640699e-08	0.9575598	0.0048176465	0.0044283993	0.033193916
priorregion5_spot_83	0.0007695359	1.0398393e-08	2.3047075e-08	4.623003e-08	0.9633156	0.014936739	2.527313e-07	0.020977795
priorregion5_spot_84	2.725877e-08	1.5653054e-08	0.00014653055	0.0026227108	0.894517	0.06855595	0.0075941854	0.026563538
priorregion5_spot_85	1.9610619e-08	1.5524872e-08	6.3681306e-08	0.020124258	0.80890894	0.122643776	0.00609802	0.042224914
priorregion5_spot_86	1.6490926e-08	8.069822e-09	4.8965134e-08	7.42263e-08	0.881366	0.07683017	5.5325096e-08	0.04180362
priorregion5_spot_87	1.33206886e-08	8.083605e-09	1.2698394e-08	4.493714e-08	0.8105216	0.123605624	3.6138637e-08	0.065872625
priorregion5_spot_88	1.4087458e-07	9.282848e-08	0.0037446395	0.0011988704	0.83414984	0.09104944	0.010997232	0.058859743
priorregion5_spot_89	1.4677169e-08	1.6566348e-08	3.6095727e-08	0.0041337586	0.97438717	8.528657e-08	2.8970357e-08	0.02147892
priorregion5_spot_90	1.6158555e-08	9.540851e-09	3.410519e-08	0.007166196	0.69769436	0.1977782	0.008123088	0.08923809
priorregion5_spot_91	8.339108e-09	6.518557e-09	1.1697485e-08	0.01156646	0.7552386	0.14184667	0.010760305	0.08058797
priorregion5_spot_92	2.2305162e-08	1.9380122e-08	2.0314468e-07	0.008547219	0.694507	0.19106358	0.008748503	0.09713349
priorregion5_spot_93	1.9044318e-08	2.9949e-08	2.948097e-08	0.0036516958	0.8611797	0.11171911	3.892869e-08	0.0234493
priorregion5_spot_94	3.8727524e-08	4.3026393e-08	1.9698842e-08	0.012086616	0.8040126	0.13044149	9.446932e-08	0.05345917
priorregion5_spot_95	1.2425869e-08	9.771333e-09	1.7510214e-08	0.0038663582	0.9768084	0.004032757	0.0020412388	0.01325122
priorregion5_spot_96	1.7460156e-08	1.3407794e-08	1.8268253e-08	2.8852806e-08	0.87109995	0.10031426	1.05967025e-07	0.028585618
priorregion5_spot_97	3.223217e-08	1.0266143e-08	0.0025422098	2.6217345e-08	0.98142445	1.6798992e-08	4.547894e-08	0.016033242
priorregion5_spot_98	2.4290333e-08	1.4668717e-08	0.001629807	0.005929024	0.93018645	0.027547304	0.0044118087	0.030295404
priorregion5_spot_99	1.7578374e-08	1.0605713e-08	0.00865666	0.003931011	0.68685675	0.20686017	0.017765205	0.075930275
priorregion5_spot_100	1.6735621e-08	1.23552715e-08	2.8230836e-08	6.187303e-08	0.81845534	0.12364524	1.213834e-06	0.05789809
priorregion5_spot_101	2.4409022e-08	2.3190454e-08	3.206294e-08	8.945878e-07	0.72691846	0.16879156	0.001050854	0.10323815
priorregion5_spot_102	1.2680674e-08	5.5655622e-09	1.6235555e-08	1.8735955e-08	0.9570156	0.009723804	1.3379609e-08	0.03326055
priorregion5_spot_103	1.38592515e-08	9.2239985e-09	1.3136174e-08	2.206048e-08	0.9641173	0.013413629	2.2596918e-08	0.022468984
priorregion5_spot_104	2.517761e-08	1.8667485e-08	2.1523627e-08	1.4955202e-08	0.987854	3.591854e-07	1.10141215e-07	0.012145444
priorregion5_spot_105	0.002217728	7.103904e-09	0.00020849828	6.2508523e-09	0.98478794	7.1793785e-08	1.3372328e-08	0.012785764
priorregion5_spot_106	2.3287088e-08	1.6615155e-08	3.0287197e-08	8.9570773e-07	0.86466146	0.08672769	9.43321e-08	0.04860987
priorregion5_spot_107	5.4005403e-07	4.4992504e-08	7.2036914e-06	8.889586e-08	0.80583835	0.12313196	0.015422454	0.055599306
priorregion5_spot_108	1.819603e-08	1.1860182e-08	2.8186097e-08	0.0077544907	0.68047076	0.19514902	0.014100897	0.1025247
priorregion5_spot_109	5.4365232e-09	2.2948254e-09	1.3218795e-08	2.3087532e-08	0.9985338	6.106229e-08	0.0014658866	2.8701555e-07
priorregion5_spot_110	4.505528e-08	1.989085e-08	1.7632686e-07	0.0087219365	0.77098924	0.14070356	7.095608e-08	0.07958494
priorregion5_spot_111	9.503341e-09	7.668611e-09	1.4775651e-08	2.0218092e-08	0.96901464	4.786868e-07	1.5663933e-07	0.03098458
priorregion5_spot_112	2.0755683e-08	6.0365246e-09	0.0013151165	4.4535767e-08	0.9710709	0.002109085	0.0038002855	0.02170468
priorregion5_spot_113	7.16151e-08	2.2432367e-08	5.301862e-08	0.0066212206	0.85629714	0.0726339	0.016344527	0.048103005
priorregion5_spot_114	1.7650724e-08	1.5941298e-08	0.0031983953	2.681031e-08	0.8766718	0.050961174	1.4155205e-07	0.06916848
priorregion5_spot_115	4.5771777e-08	1.2775691e-08	3.3723243e-08	0.00563193	0.73889863	0.17196825	1.435287e-07	0.08350096
priorregion5_spot_116	1.767112e-08	5.8003494e-08	2.0700502e-07	0.0055577937	0.98019713	3.484949e-08	5.354042e-08	0.01424462
priorregion5_spot_117	0.0041681263	2.3012365e-08	5.2362687e-08	5.252058e-08	0.9496117	0.03160084	0.0037969004	0.010822291
priorregion5_spot_118	1.1387631e-08	6.558143e-09	4.3970267e-08	1.0398284e-08	0.90445286	0.07936727	1.1990787e-07	0.016179644
priorregion5_spot_119	1.1031082e-08	6.437095e-09	1.288662e-08	0.007088161	0.9472584	0.021714004	0.0017168984	0.022222491
priorregion5_spot_120	1.5155541e-07	2.5525601e-08	4.2734317e-08	0.012154313	0.6995277	0.19466083	0.009195827	0.084461085
priorregion5_spot_121	2.4838368e-08	2.1086105e-08	3.169125e-08	1.5847097e-07	0.99397016	1.6751373e-07	3.9919684e-08	0.00602941
priorregion5_spot_122	2.600605e-08	8.190572e-09	3.6961833e-08	2.3894989e-08	0.93642896	0.041471083	0.008668508	0.013431254
priorregion5_spot_123	3.9937976e-08	1.7700893e-08	3.9121904e-08	1.6692456e-06	0.8452097	0.09080861	0.0023827911	0.061597034
priorregion5_spot_124	5.862332e-08	2.987208e-08	8.339122e-08	0.011729463	0.81817985	0.12278781	0.0036400023	0.043662712
priorregion5_spot_125	3.492292e-08	2.0474463e-08	0.00082004664	1.4279491e-08	0.9730384	0.007826936	0.0034599719	0.014854596
priorregion5_spot_126	4.1713818e-08	1.6307098e-08	4.3804e-08	6.475002e-08	0.67870927	0.22038704	0.00960488	0.09129877
priorregion5_spot_127	0.0038703321	0.0041472297	1.0427075e-08	2.408386e-07	0.9308242	0.022491546	0.0062545054	0.032411978
priorregion5_spot_128	5.5719244e-07	4.6104938e-09	0.0030241963	2.358019e-09	0.9682352	3.879522e-08	1.0850597e-08	0.028740088
priorregion5_spot_129	3.289156e-08	9.381641e-09	2.2364125e-08	1.02495804e-07	0.98849696	1.0994839e-07	0.0076806624	0.0038220487
priorregion5_spot_130	2.4711216e-08	1.0502805e-08	2.034781e-08	2.428624e-08	0.8087599	0.12961073	0.006061301	0.055568006
priorregion5_spot_131	5.4866516e-09	3.5427636e-09	7.448699e-09	1.1196106e-08	0.99337107	2.430057e-08	1.3401809e-08	0.0066289175
priorregion5_spot_132	5.506481e-08	1.5134612e-08	0.004120583	0.013367008	0.91487294	0.030616172	5.0961674e-08	0.037023157
priorregion5_spot_133	1.3847457e-08	1.1998445e-08	3.1342914e-08	2.1952269e-07	0.7680406	0.15749696	0.019511763	0.054950364
priorregion5_spot_134	1.2761145e-08	9.349496e-09	1.37063845e-08	2.3668688e-08	0.8649118	0.06979852	8.444502e-08	0.06528952
priorregion5_spot_135	8.284124e-09	4.687943e-09	1.1143146e-08	1.8648919e-08	0.95859116	0.029391885	0.0041828062	0.007834205
priorregion5_spot_136	2.59099e-08	1.638401e-08	2.426647e-08	9.928351e-08	0.6960042	0.1968952	0.010524482	0.09657599
priorregion5_spot_137	1.29305455e-08	1.92597e-08	3.422145e-08	1.06997106e-07	0.86693275	0.053363353	0.013453919	0.066249765
priorregion5_spot_138	2.6031383e-08	1.3927462e-08	2.4840174e-08	1.2942539e-08	0.8928327	0.07012846	1.3727114e-07	0.03703861
priorregion5_spot_139	1.0417349e-08	1.1122519e-08	2.0618714e-08	3.6643744e-08	0.80813694	0.11632233	0.00739825	0.068142354
priorregion5_spot_140	1.5777127e-08	8.705351e-09	2.7695814e-08	0.008108486	0.9088611	0.058161028	2.9191241e-08	0.024869304
priorregion5_spot_141	1.1208056e-08	8.181409e-09	3.5379664e-08	4.067903e-08	0.96796703	0.017284427	0.00082974066	0.013918696
priorregion5_spot_142	2.363736e-08	1.0953253e-08	3.7342243e-08	0.010744908	0.8048562	0.12379127	2.487216e-07	0.060607303
priorregion5_spot_143	2.4684228e-08	8.620192e-09	3.6754194e-08	0.0051241964	0.7780079	0.13808726	2.3663658e-06	0.07877821
priorregion5_spot_144	6.49907e-09	6.978958e-09	1.24706e-08	6.9041524e-09	0.9874288	4.0217046e-08	0.0019875523	0.010583697
priorregion5_spot_145	8.1900865e-08	2.7227367e-08	3.585031e-08	3.0028212e-07	0.938358	0.034214802	5.6256166e-08	0.027426671
priorregion5_spot_146	3.067257e-08	2.3018154e-08	7.825224e-08	0.016308574	0.7434142	0.17833106	0.005389405	0.056556623
priorregion5_spot_147	5.7178284e-09	3.1466285e-09	0.018306466	1.0712628e-08	0.95515245	0.01235379	1.5124076e-08	0.014187339
priorregion5_spot_148	2.6147196e-08	1.5500548e-08	0.008382611	0.009651435	0.7479431	0.16451296	0.008255483	0.061254412
priorregion5_spot_149	3.3543902e-08	1.2109632e-08	3.4100225e-08	1.0663089e-07	0.9282722	0.037849005	3.8741592e-07	0.033878267
priorregion5_spot_150	2.7888229e-08	1.705698e-08	3.4134167e-08	0.012686153	0.6616221	0.22972052	0.013519628	0.08245155
priorregion5_spot_151	1.5748034e-08	1.5466682e-08	1.881136e-08	3.6711146e-08	0.9779932	1.5855123e-07	3.7528218e-07	0.022006098
priorregion5_spot_152	5.3509443e-06	1.6825824e-08	3.133166e-08	6.887686e-08	0.65527165	0.23133706	0.011706069	0.10167973
priorregion5_spot_153	5.2297672e-08	7.948168e-09	6.490832e-08	1.3222661e-08	0.8910074	0.07827435	0.008035669	0.022682393
priorregion5_spot_154	5.370618e-09	8.469795e-09	1.4546989e-08	1.2828899e-08	0.94901776	0.028136889	2.232819e-08	0.022845246
priorregion5_spot_155	1.1483963e-08	1.2961721e-08	1.6347732e-08	0.0011201452	0.9280225	0.03391646	3.006643e-08	0.036940854
priorregion5_spot_156	2.4447038e-08	1.2755526e-08	1.992726e-08	0.00790587	0.7646148	0.1434155	0.015081289	0.06898246
priorregion5_spot_157	3.00891e-08	1.7134195e-08	8.108487e-08	0.011835916	0.7659334	0.16593537	0.0065980842	0.04969712
priorregion5_spot_158	2.5367768e-08	7.1880653e-09	2.7684296e-08	1.5021948e-08	0.98675984	2.3727753e-07	2.1499377e-08	0.0132398205
priorregion5_spot_159	1.4570779e-08	1.1023912e-08	1.6701923e-08	2.506075e-08	0.94657236	0.011376394	2.8778931e-08	0.042051177
priorregion5_spot_160	2.2553586e-08	1.9176213e-08	3.2875338e-08	4.2910966e-07	0.7434424	0.17693414	4.1326547e-07	0.079622574
priorregion5_spot_161	2.5592028e-08	2.4425214e-08	7.3984175e-08	0.006903402	0.82529825	0.10489198	0.010151622	0.05275464
priorregion5_spot_162	2.968876e-08	1.884231e-08	1.4127059e-07	0.021611061	0.65838635	0.20254914	0.0094372295	0.108016
priorregion5_spot_163	0.002958628	2.0230868e-08	5.728351e-08	5.0444445e-08	0.81038994	0.13002734	0.0011041455	0.055519838
priorregion5_spot_164	2.2378247e-08	1.5193883e-08	0.00079246575	1.6968632e-07	0.61990654	0.27379346	0.0061239195	0.09938343
priorregion5_spot_165	3.5086433e-08	1.7398177e-08	1.1984037e-07	0.013096285	0.79392534	0.109763235	0.013039196	0.07017573
priorregion5_spot_166	1.6057806e-08	9.936439e-09	1.528824e-08	0.0048661297	0.819835	0.09058159	0.00094636175	0.083770916
priorregion5_spot_167	1.24578605e-08	1.2579563e-08	1.6255835e-07	1.1010373e-08	0.9812759	8.4452275e-08	7.70997e-07	0.018723015
priorregion5_spot_168	2.109386e-07	1.3003968e-08	2.6935336e-08	3.7812942e-08	0.97454506	0.00486162	0.0014897365	0.019103343
