	Astrocyte0	Ependymal10	Immune1	Immune8	Neurons4	Neurons5	Neurons7	Oligos3	Oligos6	Vascular11	Vascular2	Vascular9
priorregion1_spot_1	0.028243	0.0038576494	1.5714656e-07	1.04102604e-07	0.10147799	5.796413e-06	1.2442071e-05	0.063542835	0.6112096	0.15589815	0.035750248	2.0731754e-06
priorregion1_spot_2	2.736296e-06	3.2207938e-06	2.4523968e-06	8.428244e-07	2.1844642e-06	2.383562e-06	1.8774595e-05	1.837817e-05	0.9999411	1.1829111e-06	4.0897967e-06	2.4954343e-06
priorregion1_spot_3	1.5784803e-05	0.008666552	9.680877e-08	8.33819e-08	0.022213614	0.01611103	0.11188462	7.8070855e-07	0.48540914	0.1372199	0.1798369	0.03864156
priorregion1_spot_4	0.11794804	3.395671e-06	0.04014414	7.906635e-07	0.12057563	5.0250765e-06	0.00074195745	0.2752578	0.44532076	1.8398062e-07	1.5492395e-06	6.3044104e-07
priorregion1_spot_5	0.016926061	1.2190676e-06	6.809435e-07	2.7743775e-07	0.07695708	6.0125098e-05	0.035130057	1.1289996e-05	0.75535107	0.08886785	0.026690852	3.4537074e-06
priorregion1_spot_6	4.917454e-07	4.878294e-07	2.441087e-07	6.674789e-08	0.08955818	0.20500545	7.2906033e-07	0.3969473	0.30848658	8.6480455e-08	3.399346e-07	1.1108817e-07
priorregion1_spot_7	0.14248568	0.003687828	0.029552817	8.165951e-08	0.23502274	0.07000287	0.04117535	2.3154047e-07	0.4549584	1.3925245e-07	0.008752011	0.014361954
priorregion1_spot_8	0.060076512	0.015337119	5.4161763e-08	2.653988e-08	0.49676192	0.3212166	3.8435496e-07	0.0109108025	0.09569647	2.0536678e-08	4.9014883e-08	3.8179696e-08
priorregion1_spot_9	1.7217619e-06	0.0041630943	4.2510385e-07	7.150243e-08	0.0003489614	0.03838233	0.07787314	0.01640763	0.8596421	8.5467484e-08	0.0031797816	5.657975e-07
priorregion1_spot_10	0.034488566	6.3105534e-07	5.260648e-07	1.0134239e-07	0.0705989	0.10578302	0.05568947	0.0120166885	0.71862566	9.703001e-08	0.0027960876	2.555907e-07
priorregion1_spot_11	0.019591592	3.519176e-07	1.75519e-07	0.004044126	0.067540295	0.069166176	0.06601104	0.008779639	0.7621241	6.304926e-08	0.0027419615	3.592684e-07
priorregion1_spot_12	0.043189023	0.0057439483	1.8006111e-07	7.8473526e-08	0.13360207	0.07484628	0.03223698	0.006825244	0.5752591	0.11395033	0.014346228	5.2360565e-07
priorregion1_spot_13	0.064007275	2.6691425e-06	0.034485612	4.4549037e-07	0.024572419	0.0007349072	4.13267e-06	0.32791746	0.4911729	0.039775413	0.017326236	4.668813e-07
priorregion1_spot_14	0.008566804	8.245763e-06	0.0021137835	2.1557135e-07	0.037798148	0.012469082	0.09951819	0.037128184	0.6126045	0.17917956	0.010608893	4.314288e-06
priorregion1_spot_15	0.020243661	3.8347343e-06	2.4645442e-06	1.2649967e-07	0.037954424	0.10452386	0.071470596	1.3377657e-05	0.76576513	2.3888512e-07	2.114231e-05	1.2198841e-06
priorregion1_spot_16	0.032899015	0.0058770212	9.1516023e-07	1.772768e-07	0.08852435	2.4628887e-06	0.059377838	0.014366731	0.61066294	0.11349157	0.07479447	2.4952528e-06
priorregion1_spot_17	0.012180757	7.770264e-08	2.701183e-08	7.481583e-08	0.69143873	3.949102e-06	0.027413268	0.0030710124	0.26589182	3.38497e-08	6.566739e-08	3.0111653e-07
priorregion1_spot_18	3.013961e-07	3.0342355e-07	2.8535814e-07	1.4293934e-07	1.2083775e-06	8.521994e-07	0.015861513	0.0011819266	0.9829509	1.4177371e-07	2.2252484e-06	2.0538988e-07
priorregion1_spot_19	4.6627412e-07	1.5798569e-06	7.103279e-07	9.554103e-08	0.016148074	1.4429163e-06	0.19798242	0.010917207	0.362037	0.16966896	0.23253796	0.010704064
priorregion1_spot_20	8.700891e-06	4.8425886e-06	1.942772e-06	3.7908305e-06	2.8571662e-06	3.0581464e-06	2.6864184e-06	7.190671e-05	0.9998936	1.3900803e-06	2.7068481e-06	2.558458e-06
priorregion1_spot_21	0.022735335	5.352107e-07	0.00865891	2.625071e-07	0.24238835	0.07458772	0.0065633147	0.024439255	0.62062484	6.065092e-08	6.634124e-07	7.505559e-07
priorregion1_spot_22	0.064031385	0.021551961	6.3022986e-07	1.026846e-07	0.13028325	0.028933471	0.02853609	1.3874987e-07	0.55061203	0.1448954	0.029513078	0.001642423
priorregion1_spot_23	0.0235539	1.969144e-06	1.7070163e-06	2.8026056e-07	0.07961392	0.13409919	0.103829995	2.1170729e-06	0.65887976	8.0901096e-08	5.2388987e-07	1.6573418e-05
priorregion1_spot_24	8.673686e-06	4.3540754e-06	7.3987344e-06	2.1336039e-06	0.00046164627	0.010163604	0.010108874	0.017788585	0.96144825	3.1764122e-07	2.8687518e-06	3.239347e-06
priorregion1_spot_25	0.16427842	8.8132526e-07	0.0725887	8.309113e-08	0.0786603	0.1021138	7.13272e-07	0.03761537	0.54473954	4.1412356e-08	2.0416653e-06	9.593017e-08
priorregion1_spot_26	0.032153048	0.0003416022	1.6729301e-07	3.4779895e-08	0.36323544	0.3193294	0.09115998	0.0094176885	0.18324882	3.499012e-08	0.0011136071	3.193067e-07
priorregion1_spot_27	0.012049335	0.013653422	0.0040153475	2.4063897e-07	0.052204277	0.04949456	0.11060888	0.006983322	0.7461405	5.2885294e-08	0.0048494563	6.420463e-07
priorregion1_spot_28	0.13578004	0.021604432	2.1654151e-07	1.2136924e-07	0.12639469	0.06802076	0.09334352	0.00065308175	0.54321915	7.103639e-08	7.63349e-07	0.010983092
priorregion1_spot_29	0.05604595	3.205055e-05	8.530318e-06	6.897192e-07	0.07050001	0.08329289	0.20960973	0.028113008	0.55073434	3.050905e-07	4.051277e-06	0.0016584481
priorregion1_spot_30	0.026130058	0.0007983964	5.1209554e-06	2.1630737e-07	0.041202363	0.00016545627	0.11972356	7.1097684e-06	0.81187975	1.59975e-06	8.1350634e-05	5.019588e-06
priorregion1_spot_31	0.031179952	2.455041e-06	4.082393e-07	2.4512957e-07	0.09182689	0.00014275168	0.05261735	0.005133235	0.8190928	1.1709578e-07	2.3711316e-06	1.4477087e-06
priorregion1_spot_32	9.47439e-07	3.5464174e-05	1.4584698e-07	1.0647929e-07	0.0069109765	1.0269268e-06	0.23876747	8.1714745e-07	0.5257078	0.13134524	0.097229816	3.0317466e-07
priorregion1_spot_33	0.12137694	3.0800435e-05	0.08086617	7.7710034e-08	0.07150962	7.046723e-06	0.043473143	0.019557815	0.6631778	3.867913e-08	5.2266466e-07	8.806819e-08
priorregion1_spot_34	0.028153103	3.77475e-06	0.0020563195	1.1647694e-06	0.047190752	0.047665946	0.11369009	0.021962427	0.6258804	0.1093661	0.004029402	4.957435e-07
priorregion1_spot_35	2.876147e-06	5.563096e-07	1.0792907e-06	1.08309045e-07	2.8307968e-06	1.2189417e-06	2.6456707e-06	0.07217987	0.9278068	1.779333e-07	1.4887942e-06	3.2914255e-07
priorregion1_spot_36	0.0150787365	0.01542982	5.051388e-07	3.7231587e-06	0.080489546	0.14454351	0.22318521	0.0028491768	0.512514	4.0369503e-08	1.3138628e-06	0.005904558
priorregion1_spot_37	0.04053446	0.004857032	2.8903509e-07	0.0017804161	0.09645275	1.7564207e-06	0.03250018	1.3184552e-06	0.819996	2.548533e-07	0.00064095657	0.003234603
priorregion1_spot_38	8.9859134e-07	4.2761644e-07	1.7867975e-06	0.002988734	7.7243783e-07	1.0772667e-06	3.0155124e-06	0.075417	0.9215848	1.2292841e-07	1.1847583e-06	2.4959414e-07
priorregion1_spot_39	0.0958935	0.0016692744	0.0010445707	0.001556287	0.10964462	0.07926009	0.12435738	0.0002940367	0.5710715	4.3798448e-08	0.015208601	1.6746395e-07
priorregion1_spot_40	0.08246105	0.00043283426	1.2477334e-07	1.8576905e-07	0.02428889	0.018538022	0.13709782	0.03696429	0.5582781	0.1298139	0.012124539	2.8321656e-07
priorregion1_spot_41	0.01097041	4.5707307e-07	1.3901099e-06	1.2346815e-07	7.976908e-07	4.7466156e-07	0.11403066	1.4729636e-05	0.6066285	0.19009854	0.07825366	2.7493184e-07
priorregion1_spot_42	0.057026695	0.0007624759	2.9749748e-07	1.3475207e-07	0.10734991	0.13802347	0.10548082	0.0032474918	0.57897663	1.2053874e-07	0.0020462447	0.0070858244
priorregion1_spot_43	0.11917158	0.020416474	0.056639697	1.6490205e-07	0.053991478	0.05611385	0.00012725545	0.026416449	0.47245485	0.17825471	0.016412303	1.1814603e-06
priorregion1_spot_44	0.104950346	0.0034896669	1.5557083e-07	7.107089e-08	0.015824214	0.2473424	0.12772237	6.781729e-08	0.46582526	4.8426937e-08	0.034844887	4.4734722e-07
priorregion1_spot_45	0.07386453	1.6662781e-07	2.5541854e-07	2.0107547e-07	0.15771735	2.135372e-06	0.06369233	5.336252e-07	0.68372303	6.554965e-08	0.013295381	0.0077040186
priorregion1_spot_46	0.019698706	0.0013904897	1.6057078e-07	1.8561886e-07	0.042211343	0.044783816	0.078134015	0.048601307	0.75539845	1.2502689e-07	0.0067652264	0.0030161566
priorregion1_spot_47	0.049311645	1.2802258e-06	4.8241515e-07	9.198175e-08	0.084778585	0.13672853	0.11958001	0.0100462325	0.599552	4.839981e-08	7.554725e-07	3.503333e-07
priorregion1_spot_48	0.034177687	3.5111216e-06	4.440905e-07	3.9898723e-07	0.06995772	0.10259294	0.16119826	4.726442e-07	0.52203465	0.066155024	0.031051418	0.01282745
priorregion1_spot_49	0.031578664	6.253154e-07	1.7007477e-07	2.8860118e-08	0.23831904	0.22987166	0.09730807	0.014747664	0.21294302	0.14637303	0.021102186	0.0077558807
priorregion1_spot_50	0.041894674	0.004065821	1.1098761e-07	4.1683155e-08	0.5877805	0.31626534	6.1255428e-06	0.005030671	0.042937964	3.763793e-08	0.0020183602	2.9267457e-07
priorregion1_spot_51	0.024239043	4.2623565e-06	6.6331324e-07	1.3471346e-07	0.17982638	0.24912411	0.024527362	1.7009505e-05	0.52225983	8.914076e-08	7.215945e-07	3.6158238e-07
priorregion1_spot_52	3.0107267e-05	0.011187904	0.021603325	2.3014779e-07	0.29284757	4.6647183e-06	6.572279e-07	1.2009956e-05	0.45326534	0.21840641	7.984849e-07	0.0026409044
priorregion1_spot_53	0.0045828093	0.0018311338	6.977316e-07	8.599831e-08	0.041990235	2.770247e-06	0.18227425	2.8980465e-05	0.12799603	0.26064146	0.34067476	0.03997675
priorregion1_spot_54	0.009184635	1.2466982e-07	1.5972387e-07	5.5100422e-08	3.8787975e-06	1.32563955e-05	0.21033207	0.00038130776	0.7588744	7.503584e-08	0.021209618	3.9021288e-07
priorregion1_spot_55	0.036836635	9.47685e-07	8.281474e-08	8.850015e-08	0.06722963	8.9789967e-07	0.20529	0.0074627516	0.5697839	0.0633804	0.049482223	0.00053248886
priorregion1_spot_56	0.07175778	2.8632944e-06	1.10250994e-07	1.4756539e-07	0.11068927	0.0011646206	0.08909682	4.6622827e-07	0.5992492	0.1198354	0.008201163	2.2548384e-06
priorregion1_spot_57	0.0391889	8.2944655e-07	8.440928e-07	1.8732948e-07	0.062134944	0.119996116	0.10340744	0.036702238	0.5755826	0.021572169	0.034492165	0.006921554
priorregion1_spot_58	0.011352542	2.753403e-06	9.075295e-07	1.2181537e-06	0.33586347	1.889724e-05	0.094685085	0.0028219356	0.5552211	1.0409498e-07	8.324637e-06	2.3582415e-05
priorregion1_spot_59	0.01636608	0.00042632926	1.5571524e-06	7.4148164e-07	0.32146996	0.2708885	0.08255871	0.13855118	0.15121871	0.011977857	0.0008900364	0.0056503364
priorregion1_spot_60	0.095760144	2.501488e-06	0.04349628	1.3383078e-07	0.044555288	0.02793578	0.00042169957	0.29392433	0.42888576	0.05487608	0.010141625	3.3023247e-07
priorregion1_spot_61	3.856601e-06	4.189827e-06	4.6370934e-07	3.089388e-07	2.5715522e-06	3.9816273e-06	5.7207862e-06	1.0252001e-05	0.99996626	5.362908e-07	1.1723381e-06	6.2281964e-07
priorregion1_spot_62	0.039082095	0.013060569	8.4950636e-07	3.6176996e-07	0.05140083	0.038114723	0.02015675	0.007693519	0.22619046	0.47027168	0.13171886	0.0023092702
priorregion1_spot_63	0.06397485	5.7887166e-07	3.665392e-07	1.2375586e-06	0.056878433	1.8666142e-06	0.03454582	0.006139479	0.8339321	2.566895e-07	6.176663e-07	0.004524432
priorregion1_spot_64	0.04566419	3.0248597e-07	1.051446e-07	6.2004744e-08	0.099662505	9.816123e-07	0.06685945	0.029119099	0.7458252	6.3029056e-08	0.012867358	6.0878995e-07
priorregion1_spot_65	0.1275801	1.1853914e-06	0.10936346	1.8721639e-07	9.362173e-06	0.022291344	1.2328667e-06	0.11148143	0.53176975	0.060260344	0.037241396	1.5914985e-07
priorregion1_spot_66	0.027732257	0.008608093	7.0902894e-07	2.7799496e-07	0.02062333	0.002836636	0.16719022	0.0074715326	0.53309715	0.10852845	0.11257264	0.011338658
priorregion1_spot_67	0.15318942	5.201782e-06	0.07428862	1.3029297e-06	2.6149353e-05	0.004451676	0.01577523	0.025111655	0.7271453	2.0549335e-07	4.1064595e-06	9.882438e-07
priorregion1_spot_68	0.00011197311	1.0246102e-06	7.826603e-07	3.4020192e-07	0.055453278	1.1794119e-06	0.035277173	0.28190926	0.53471714	0.07190746	0.020619795	6.5396057e-07
priorregion1_spot_69	0.17581458	1.5728335e-07	1.6014353e-07	6.1833425e-08	0.12744427	0.099672206	0.027687993	1.2622891e-07	0.55790746	4.8881407e-08	0.0041681826	0.00730466
priorregion1_spot_70	1.9427887e-06	1.9576707e-06	9.0565834e-08	4.0965446e-08	0.047408864	0.11529573	0.012772055	0.032036297	0.79248255	7.644921e-08	3.3990403e-07	9.3885355e-08
priorregion1_spot_71	0.03330467	0.019778628	0.015462798	6.720339e-07	0.042827055	0.029067952	0.028428383	7.4606134e-05	0.5857454	0.21640825	0.024304783	0.0045968113
priorregion1_spot_72	0.051690675	1.7007805e-07	2.0498665e-07	1.0919384e-07	0.13087955	0.06397154	0.069112204	3.8796298e-07	0.6762232	6.590686e-08	0.008121415	4.3547783e-07
priorregion1_spot_73	9.1991564e-07	2.693136e-07	0.0022806218	1.7976906e-07	0.052850254	0.043098725	0.10302517	0.030723333	0.76796246	6.240833e-08	5.7734866e-05	2.6844305e-07
priorregion1_spot_74	0.041821375	0.016943248	8.550131e-08	3.199281e-07	0.16074821	0.026514	0.09702698	0.01229847	0.63230723	6.873467e-08	0.012268259	7.180154e-05
priorregion1_spot_75	0.042960722	1.876323e-06	0.011386162	3.0687863e-07	0.17708649	0.11867114	0.1447044	1.5876229e-06	0.5051838	1.04165565e-07	1.1823182e-06	2.2280929e-06
priorregion1_spot_76	0.06940633	0.011940185	0.050921276	9.7537e-07	0.020701015	0.034936037	0.10978018	0.0151577415	0.51986593	0.07959009	0.08769083	9.432244e-06
priorregion1_spot_77	0.051271483	5.051939e-07	6.0578856e-08	4.550702e-08	0.86269265	9.902411e-05	5.235714e-07	1.5120546e-07	0.08593525	3.372512e-08	2.1454618e-07	8.443309e-08
priorregion1_spot_78	0.021569388	5.9524764e-06	1.0198916e-07	5.177125e-08	0.4643337	0.1328984	0.028958047	0.1596427	0.19257371	6.106963e-08	3.3183463e-07	1.7570652e-05
priorregion1_spot_79	0.17486277	0.019033665	5.1734506e-08	9.426268e-08	0.31845507	0.013256909	0.009463479	1.2927798e-06	0.44875216	4.7669477e-08	0.0035577547	0.012616591
priorregion1_spot_80	0.032053538	3.221534e-07	1.5347863e-06	8.4338126e-08	0.2991549	0.0048074475	0.15818195	0.020332435	0.4854649	4.4161425e-08	2.784126e-06	9.33857e-08
priorregion1_spot_81	0.044078745	0.0052896896	1.16945685e-07	6.9304456e-08	0.23604873	0.052685745	0.028372651	0.00059177546	0.50168097	0.10492726	0.02632331	9.3425996e-07
priorregion1_spot_82	6.887178e-07	0.0013483141	1.0437361e-06	1.1019354e-07	4.349732e-07	2.8052918e-07	0.16638532	9.511994e-07	0.8322616	5.9490954e-08	7.068406e-07	3.2986517e-07
priorregion1_spot_83	0.10859293	2.4409617e-06	8.043272e-05	1.9235578e-07	0.14524463	0.035584584	0.15748864	1.1187057e-07	0.5174042	1.8459654e-07	0.021674454	0.0139271105
priorregion1_spot_84	0.09097886	0.00682583	1.3075006e-06	4.2878253e-07	0.061216284	0.047377534	0.03415274	6.7155397e-06	0.75942165	3.7538084e-07	1.7437782e-05	8.149072e-07
priorregion1_spot_85	3.847364e-06	8.8593913e-07	4.4981513e-07	3.2616705e-07	1.7359394e-05	1.9836596e-06	8.4206295e-07	9.665093e-06	0.9999636	1.7781461e-07	4.84702e-07	4.2370814e-07
priorregion1_spot_86	0.13232385	3.9219444e-07	3.7894878e-07	0.0047640014	0.10473788	0.06607245	0.14656945	3.0359806e-07	0.51030236	7.957226e-08	0.00014096375	0.035087954
priorregion1_spot_87	6.8631316e-06	5.347448e-06	8.652272e-07	0.0030118783	2.4966973e-06	0.0026504574	4.840491e-07	0.09856275	0.89575785	7.305286e-08	5.618079e-07	3.0779395e-07
priorregion1_spot_88	0.03911131	9.481478e-06	4.0784778e-07	1.102899e-07	0.010546995	0.10661584	0.332881	1.7134555e-06	0.5108112	1.1469808e-07	2.1034852e-05	8.346717e-07
priorregion1_spot_89	2.5740687e-06	1.8275251e-06	1.4385641e-06	1.3205469e-06	1.3658166e-06	1.0540467e-06	9.544971e-07	1.1670191e-05	0.9999752	5.487915e-07	1.0054323e-06	1.0313948e-06
priorregion1_spot_90	6.9750654e-06	0.015443826	3.4700366e-07	1.3914982e-07	2.9615444e-06	2.201629e-06	0.1844514	0.026191868	0.38734466	0.3093223	0.07723276	4.91838e-07
priorregion1_spot_91	0.017632402	2.1134846e-07	1.1617059e-07	1.2207951e-07	0.120613165	0.01457927	2.7531948e-07	0.11552373	0.73165	3.5047325e-08	5.7410637e-07	9.4312135e-08
priorregion1_spot_92	0.13303089	9.679916e-07	0.091653615	2.814537e-06	7.104183e-06	5.283098e-07	4.340936e-07	1.1918201e-05	0.775291	1.5022646e-07	2.8711526e-07	2.78987e-07
priorregion1_spot_93	0.027447525	2.0315285e-06	4.696505e-07	8.753687e-08	0.34521347	0.17232375	0.10051612	2.4321844e-07	0.23233499	0.0829162	0.032457225	0.00678788
priorregion1_spot_94	0.07309642	0.009749272	1.2481081e-07	5.7417544e-08	0.13067739	0.16077484	0.02227114	3.2957976e-07	0.6026309	3.7126604e-08	0.00079919957	2.7249988e-07
priorregion1_spot_95	0.06076236	0.0098709315	9.18123e-08	5.2195087e-08	0.108111076	0.042895295	0.15898773	1.01708544e-07	0.23772106	0.1540954	0.20824054	0.019315472
priorregion1_spot_96	0.026950164	3.6939224e-07	6.749795e-08	1.620675e-08	0.10201357	0.03390936	2.370954e-07	0.4360825	0.40104282	2.4686106e-08	8.0392414e-07	6.4508434e-08
priorregion1_spot_97	0.038045388	2.1821499e-07	5.1730655e-07	6.630745e-08	0.23104183	0.01303655	0.12287723	2.3451373e-06	0.5949949	3.6446444e-08	7.535792e-07	1.4585376e-07
priorregion1_spot_98	4.8882257e-06	0.021189975	7.8002853e-07	3.8419248e-07	0.027151221	0.01703268	0.13365464	4.6364394e-07	0.47709146	0.16682515	0.13027108	0.026777327
priorregion1_spot_99	0.05500098	0.006555604	0.0033558216	2.1647271e-07	0.05556709	0.04874582	0.08050484	0.061691005	0.6885782	5.6602182e-08	1.9015164e-07	1.1114343e-07
priorregion1_spot_100	0.11050748	9.921105e-07	5.1116e-07	1.2807484e-07	0.099067196	0.03386169	0.10779146	0.00011338465	0.37974226	0.16031669	0.108597204	1.0048149e-06
priorregion1_spot_101	1.0052726e-06	2.637e-07	1.6007176e-07	5.481321e-08	0.47005045	2.9949033e-06	0.07771708	0.0061030807	0.44423553	6.803936e-08	0.0018890781	1.306864e-07
priorregion1_spot_102	0.0015689691	1.0663156e-06	0.00016272385	1.1048511e-07	0.651542	0.00042581218	2.011267e-06	0.039546408	0.19879936	0.10618057	0.0017706159	3.372886e-07
priorregion1_spot_103	0.04489441	2.4801943e-07	2.583909e-07	5.1464593e-08	0.067042954	0.021587908	0.0937466	9.102992e-07	0.772541	8.9781516e-08	0.00018470737	9.577899e-07
priorregion1_spot_104	4.118366e-07	9.82637e-07	4.17653e-06	2.4270946e-07	7.5304615e-07	8.8995205e-07	0.003493465	6.9281473e-06	0.9964908	3.3858734e-07	7.407756e-07	4.0964738e-07
priorregion1_spot_105	0.0189035	7.3638626e-06	3.8153917e-06	1.0084687e-07	9.391453e-06	0.03292627	0.05127146	0.012958562	0.76773417	0.10554218	0.010639509	3.5981357e-06
priorregion1_spot_106	1.814231e-07	7.2989366e-07	2.0721843e-07	4.5253596e-08	0.7346603	0.00033791884	7.762826e-07	0.044184092	0.14723034	0.073584355	8.343163e-07	1.2089995e-07
priorregion2_spot_1	0.026253814	2.9413295e-07	0.012857789	8.4837575e-07	0.029044386	0.0022810108	0.14616106	0.009127319	0.73639005	6.780018e-08	0.02829914	0.00958419
priorregion2_spot_2	0.08851467	5.8469385e-07	0.011234639	1.01940785e-07	0.0938299	0.10541952	0.04596148	0.04503996	0.5999691	7.2538604e-08	0.010028705	1.2886167e-06
priorregion2_spot_3	0.042522907	2.2041019e-07	0.00065307296	2.7930716e-07	0.112059236	0.0055898707	0.38288754	7.919492e-07	0.447216	4.8749875e-08	0.0017462551	0.0073237363
priorregion2_spot_4	0.02030549	0.013556841	0.004209598	3.302074e-08	0.038539257	0.38379017	0.31935194	8.690342e-08	0.22023994	1.8074779e-08	1.3106693e-07	6.5048516e-06
priorregion2_spot_5	0.00298752	0.00096618227	1.0805411e-05	6.9210313e-07	0.08070486	0.10373474	0.40134153	7.281766e-05	0.40722746	2.6261955e-07	8.9009045e-06	0.002944273
priorregion2_spot_6	0.0008334993	2.6006826e-05	1.0126573e-06	9.1005134e-08	0.13956156	0.22569926	0.30872852	1.0196018e-06	0.32513225	1.447614e-07	1.632029e-05	3.6118536e-07
priorregion2_spot_7	1.9327367e-06	0.008736	0.0023824791	0.13090904	0.017574871	0.25537473	0.2864669	1.3833657e-06	0.29854655	7.199804e-08	5.4936963e-06	5.510997e-07
priorregion2_spot_8	0.03698566	0.0131526	0.0025104857	1.1164018e-07	0.10144283	0.24289367	0.0583953	1.1387363e-05	0.5445945	3.1080056e-08	1.1474698e-07	1.3285237e-05
priorregion2_spot_9	0.034186352	3.6082872e-07	1.05202275e-07	9.8138706e-08	0.08316038	0.049304407	5.457103e-07	0.37191227	0.46143422	5.385897e-08	1.0145835e-06	1.1128557e-07
priorregion2_spot_10	0.08903865	7.2029e-07	1.648455e-07	1.2261218e-07	0.22433208	0.15853389	0.20129167	1.567029e-06	0.31231776	1.4623218e-07	4.1352206e-07	0.014482706
priorregion2_spot_11	0.060011145	0.00012900398	0.012830396	1.4196065e-07	0.060974322	0.030116266	0.11717529	0.011003406	0.70677173	1.0422413e-07	5.5739558e-05	0.00093247404
priorregion2_spot_12	0.030854024	1.8538786e-06	7.847598e-07	8.283806e-07	0.03694181	0.024822274	1.2969754e-05	0.0070947446	0.90026575	2.130847e-07	2.2622073e-06	2.4892634e-06
priorregion2_spot_13	0.07497432	1.5304284e-05	0.03733086	5.7735883e-07	0.021434983	0.15594076	0.44656226	7.274325e-07	0.26372972	3.4645197e-07	9.393082e-06	7.723332e-07
priorregion2_spot_14	0.048628505	0.003121493	0.033847596	0.16617003	0.07660995	0.26306283	0.14588179	0.0025650805	0.25646684	2.4069243e-07	1.7091224e-06	0.0036439642
priorregion2_spot_15	0.0030539574	0.017648201	0.013947554	0.2708905	0.047676787	0.026787713	5.51948e-07	0.033124913	0.5851567	5.329849e-08	0.001712743	2.2771353e-07
priorregion2_spot_16	0.06024965	0.0106672915	2.0356761e-07	1.243383e-07	0.14540082	0.20958863	0.11605464	2.844305e-05	0.45800593	1.4936708e-07	2.653949e-06	1.4223989e-06
priorregion2_spot_17	3.1862855e-06	3.2992432e-07	0.004830343	5.484667e-08	0.06684632	3.0680593e-07	0.3305729	0.0027067494	0.59360915	6.219577e-08	0.0014303932	2.128806e-07
priorregion2_spot_18	0.00018701055	0.0050290166	0.034459937	0.08355119	0.052336562	0.08307086	1.029799e-06	0.36755687	0.373806	9.4067715e-08	1.4061891e-06	7.4950364e-08
priorregion2_spot_19	1.8850229e-05	0.004887892	5.1403575e-08	2.7613677e-08	0.13303868	0.032014955	3.7949968e-07	0.14170195	0.6883368	2.868524e-08	2.4560597e-07	8.291211e-08
priorregion2_spot_20	0.104478605	6.2721674e-06	0.052632034	1.4259741e-06	0.04426019	0.017829057	0.11154003	0.029725868	0.6394981	2.2929477e-07	2.7154332e-05	9.6807e-07
priorregion2_spot_21	8.573163e-08	1.07442546e-07	8.496003e-07	2.6976398e-08	0.024824355	0.3626544	0.43184808	0.003475786	0.17228614	2.0624794e-08	1.7267833e-07	0.0049100113
priorregion2_spot_22	3.5541066e-06	1.6129515e-07	2.4365204e-06	0.2422241	0.049367197	0.0016842858	7.6264075e-07	0.1131567	0.59333867	3.6468542e-08	0.00022186677	1.3977477e-07
priorregion2_spot_23	0.085592985	4.0241798e-07	0.0051276293	1.1949281e-07	0.12452864	0.04488737	0.43957192	0.0010937327	0.2976842	5.237769e-08	0.0008556961	0.0006572811
priorregion2_spot_24	0.0050827884	8.793989e-07	0.001977262	2.9132343e-07	0.066994146	0.25874215	0.17746034	1.6346595e-06	0.48973954	1.2374375e-07	6.015934e-07	2.116151e-07
priorregion2_spot_25	0.015379194	3.308013e-07	0.0070875627	2.7410596e-07	0.07901446	0.0049093617	0.37027138	0.016039673	0.507295	6.0835326e-08	7.694503e-07	1.932515e-06
priorregion2_spot_26	0.037637614	2.3286063e-06	0.002024079	1.8670902e-07	0.08489123	0.44696924	0.105534926	5.5719346e-07	0.32061732	1.0603016e-07	0.0011433968	0.0011789205
priorregion2_spot_27	1.2516875e-07	2.9439974e-07	0.087214746	0.32314	0.0019105383	8.7583527e-07	8.726879e-07	0.02808265	0.55964917	7.0009975e-08	3.2248215e-07	2.8344903e-07
priorregion2_spot_28	5.583924e-07	1.0308054e-06	4.982433e-07	2.3135678e-07	2.0978684e-06	0.9999736	1.4410889e-05	3.0563974e-06	2.8088605e-06	5.414495e-07	7.2515616e-07	3.0767862e-07
priorregion2_spot_29	0.006967181	0.00023983195	0.010433144	0.108496085	0.042913552	0.21735153	0.15970492	0.015087779	0.43880376	6.2270615e-08	1.9946049e-06	1.4257547e-07
priorregion2_spot_30	0.002222579	9.269511e-07	9.287801e-07	1.06773705e-07	0.008944776	0.22373423	0.24942678	0.0077727796	0.5060559	1.327965e-07	0.0018407184	2.0066894e-07
priorregion2_spot_31	0.026373569	6.569376e-07	0.04395628	0.16554676	0.0897008	0.112574324	0.2864372	1.1984423e-07	0.25235444	4.557896e-08	0.023051595	4.261333e-06
priorregion2_spot_32	1.7200347e-07	1.5779437e-07	6.945328e-07	4.4453408e-08	0.059860602	0.19128759	0.15150589	0.25857264	0.33877206	2.7688388e-08	8.768541e-08	4.8193957e-08
priorregion2_spot_33	0.06835433	0.002485364	0.14730397	0.0990384	9.008639e-06	3.2638825e-06	0.34828568	2.1596677e-06	0.33451718	1.12086774e-07	3.9087257e-07	1.1619187e-07
priorregion2_spot_34	1.5518758e-07	1.6122631e-07	0.16341895	0.47256833	4.7705027e-05	5.8387013e-07	3.4178726e-07	8.163999e-05	0.36388087	6.089883e-08	3.043092e-07	7.9350525e-07
priorregion2_spot_35	0.025559468	2.2715832e-07	0.00011975718	2.9741568e-07	0.06326055	4.6337173e-06	0.30572534	0.00785569	0.5974682	5.6476434e-08	2.0607652e-06	3.7208429e-06
priorregion2_spot_36	0.025386894	1.1024194e-06	6.109878e-07	2.7385582e-07	7.39944e-07	8.9848936e-07	0.20146993	0.025539985	0.7475969	3.0198362e-07	1.3438549e-06	1.1080942e-06
priorregion2_spot_37	0.035287317	3.694645e-05	9.670608e-07	1.1437437e-07	0.09022985	0.11612562	0.15000153	0.03646925	0.56651115	5.7909663e-08	1.8067473e-06	0.0053353524
priorregion2_spot_38	0.0067956615	2.6038168e-07	1.1075933e-07	7.353943e-08	0.07441212	0.020956354	0.08043043	0.010327815	0.8070752	8.8834206e-08	1.5134802e-06	2.9748733e-07
priorregion2_spot_39	0.08194029	7.351371e-06	0.040217817	2.0178047e-07	0.04953393	0.17544776	0.024323788	0.2540275	0.37450054	9.956541e-08	5.1906693e-07	3.0248202e-07
priorregion2_spot_40	0.016498111	1.17855315e-07	8.446013e-08	1.5042598e-07	0.041140754	0.35400832	0.110731	0.005212604	0.45596838	4.098206e-08	0.0164403	1.0134363e-07
priorregion2_spot_41	0.02432843	0.02563389	0.0023429762	1.875133e-07	0.042940788	0.05722208	0.22568989	0.004847077	0.6081506	4.4336787e-08	2.1807408e-07	0.008843677
priorregion2_spot_42	0.010551324	1.7458383e-07	8.06113e-07	6.376388e-08	0.068723686	0.0004500101	0.118966326	1.028185e-06	0.79473454	3.887617e-08	0.0065679234	4.144488e-06
priorregion2_spot_43	1.6696337e-06	0.0005199297	9.382574e-06	2.1638049e-07	0.0351351	0.25403216	0.37153172	0.000582627	0.33818185	1.2619186e-07	4.8816737e-06	4.6445234e-07
priorregion2_spot_44	0.0028619994	2.7438423e-06	9.054608e-08	0.005649091	0.028394127	0.5349571	0.011548614	0.075214274	0.34137166	7.591545e-08	1.2099261e-07	5.3568506e-08
priorregion2_spot_45	0.024266517	0.006993474	3.5286362e-07	3.6710343e-08	0.11330068	0.15710132	0.25183967	7.0127714e-07	0.4464969	3.2413936e-08	1.619125e-07	1.3091106e-07
priorregion2_spot_46	0.009647679	0.0006568648	0.009697872	0.15869887	0.091053665	0.012008378	0.18160598	8.2080237e-07	0.5334846	0.0015305715	1.2001156e-07	0.0016145988
priorregion2_spot_47	0.021709442	1.8644783e-06	4.6933636e-07	9.644243e-08	0.0654795	0.19496177	0.113059685	0.026040178	0.5787442	1.0375293e-07	2.5944796e-06	1.2153497e-07
priorregion2_spot_48	0.057370003	5.75459e-07	1.1473593e-06	1.3672691e-07	0.094533786	0.09339853	0.32337	7.555456e-07	0.43132108	9.704175e-08	2.0612945e-06	1.7533418e-06
priorregion2_spot_49	0.077315256	4.3893874e-06	6.7878534e-07	6.493332e-07	0.11681933	0.09713802	0.18638141	0.0021833119	0.5201473	1.6700696e-07	3.7076193e-06	5.7383413e-06
priorregion2_spot_50	0.035643898	1.0594625e-06	1.1952382e-07	3.7819326e-08	0.11831408	0.23841189	0.2863837	0.03219098	0.28905216	2.7454428e-08	1.6823046e-06	4.0373493e-07
priorregion2_spot_51	0.0042289635	0.0048271534	0.005074638	0.0017186371	0.0050260266	0.004790201	0.0070814737	0.26319537	0.6888546	0.0037993863	0.007358898	0.0040446795
priorregion2_spot_52	1.499416e-06	1.4934201e-05	8.578874e-08	2.7305585e-08	0.05373184	0.010094344	1.6142245e-07	0.48741478	0.44810116	4.2773983e-08	0.0006410217	5.5404136e-08
priorregion2_spot_53	0.009186273	1.1499209e-07	1.6185801e-07	5.4856304e-08	3.7068592e-06	1.1228922e-05	0.2103323	0.0003798768	0.75887346	5.5470007e-08	0.021212487	2.9074326e-07
priorregion2_spot_54	9.4021836e-08	1.2733578e-07	0.0012811705	2.446109e-07	5.8806467e-07	0.03946209	0.44522578	0.08541357	0.42861587	7.6275455e-08	2.1552445e-07	5.696318e-08
priorregion2_spot_55	0.0003000944	1.8282155e-07	1.0519394e-06	0.005502858	0.06905475	1.5789621e-05	0.0002462022	0.04130371	0.88357437	7.134029e-08	6.323158e-07	2.6226581e-07
priorregion2_spot_56	0.03586827	3.433776e-07	1.2736682e-07	6.997948e-07	0.17210466	0.032993197	0.00090850634	0.021319017	0.73680466	3.4646177e-08	1.5515157e-07	2.5973998e-07
priorregion2_spot_57	0.01651755	0.0016550996	0.065002665	0.13198787	0.067574054	0.039705556	0.23939659	0.023623785	0.41058356	7.791901e-08	0.003952911	2.6907048e-07
priorregion2_spot_58	0.031970724	0.0016653029	0.030775068	0.12296078	0.039037712	0.3533369	0.32181662	0.004810786	0.07911327	2.9479581e-08	0.0053840945	0.009128754
priorregion2_spot_59	0.014142219	0.0038815553	0.06630359	0.08899426	0.023461988	0.06581823	0.4516333	4.7188377e-07	0.27899486	1.7985846e-07	0.006377972	0.00039136206
priorregion2_spot_60	8.7825777e-07	5.256396e-07	5.8922905e-07	2.8784154e-08	0.06660632	0.013118641	0.03185771	0.4706928	0.41772175	3.5306776e-08	6.3572594e-07	7.427947e-08
priorregion2_spot_61	0.10828614	0.0047586975	3.1501935e-07	1.5879888e-07	0.163043	0.005325385	5.170358e-06	5.451343e-06	0.71433884	1.2173722e-07	0.004235978	7.7786365e-07
priorregion2_spot_62	3.9459448e-07	1.2848567e-07	1.7238019e-06	3.302369e-08	0.051492862	0.117112875	0.4621242	2.0075548e-07	0.36926714	5.0832224e-08	2.3305199e-07	6.661419e-08
priorregion2_spot_63	0.030775622	1.160195e-06	4.0590976e-07	4.811357e-07	0.054458216	0.25833035	0.023554143	0.05226618	0.58008254	3.3237797e-07	0.0005271593	3.3584136e-06
priorregion2_spot_64	0.016611364	8.982572e-06	7.223163e-07	6.011574e-07	0.14506558	0.21747696	0.03415169	0.016005384	0.5706713	3.483246e-07	1.8326659e-06	5.2194214e-06
priorregion2_spot_65	0.079281345	0.0074151345	0.02856904	0.1769252	0.12811244	0.22411558	0.04889055	0.0036993	0.27780816	5.2311734e-08	0.014081179	0.01110199
priorregion2_spot_66	0.13841921	2.284326e-07	4.692581e-07	1.7994012e-06	0.1269433	7.5110717e-07	0.097129464	0.00017433353	0.6272963	7.183335e-08	6.2632944e-07	0.010033423
priorregion2_spot_67	0.06473473	0.020170687	0.017616391	6.726748e-08	0.03472152	0.13278538	0.44796106	1.4817422e-07	0.28200886	1.0670687e-07	1.0042246e-06	1.3259017e-07
priorregion2_spot_68	0.08397748	1.1115809e-06	1.8149723e-06	0.0012756198	0.07086614	4.5726656e-06	0.006162325	0.056829207	0.7746924	1.4146089e-07	3.692776e-07	0.00618889
priorregion2_spot_69	0.039502915	2.253992e-07	1.3012394e-07	1.0956948e-07	0.06845632	0.714205	0.04712633	0.0062288577	0.12447955	9.389238e-08	1.5773864e-07	2.4456776e-07
priorregion2_spot_70	0.012281197	0.0052503883	0.05346135	0.12681104	0.042910032	0.52913433	0.18326236	1.2057711e-07	0.044735335	6.4611804e-08	0.002153644	1.1126519e-07
priorregion2_spot_71	0.03249211	6.651025e-06	0.0015475953	4.1207684e-05	0.026961073	0.05463743	0.2917855	0.0030426874	0.57247376	0.0003171465	0.016694658	1.9778676e-07
priorregion2_spot_72	2.7550934e-07	6.2337983e-07	2.5646207e-07	9.834197e-08	1.6716178e-06	0.9999925	9.498545e-07	1.968318e-06	9.223683e-07	1.7353594e-07	3.2704853e-07	2.3795904e-07
priorregion2_spot_73	4.073368e-06	0.0093094865	0.032738034	0.10649148	1.0313989e-05	0.34216157	0.3087663	0.0007812179	0.19671983	8.682117e-08	6.299339e-07	0.0030168914
priorregion2_spot_74	0.0139639815	0.008068736	0.035028666	0.13919085	0.04549777	0.17442803	0.1515041	0.0020779045	0.42648295	2.4662756e-07	0.00027542587	0.0034814295
priorregion2_spot_75	0.1513929	1.9614506e-06	0.08606885	9.2473435e-08	0.052476075	0.24272504	0.1774165	0.00029721408	0.28962016	3.2381595e-07	3.0154672e-07	4.6363232e-07
priorregion2_spot_76	0.020235144	0.03094596	1.3107597e-06	0.002930758	0.0013045477	0.08335874	0.40396047	2.710359e-07	0.45726234	6.93712e-08	1.00394615e-07	3.7470159e-07
priorregion2_spot_77	6.6729865e-07	5.527119e-07	0.0108051095	3.7046e-07	0.0030093407	0.028122982	0.04121976	0.019627932	0.8927104	3.473825e-07	0.0045023067	2.1914313e-07
priorregion2_spot_78	0.05955938	0.020766675	0.048619967	0.39551568	0.123938866	0.051964458	0.011239183	0.022226695	0.24610093	5.5400143e-08	0.015202452	0.004865661
priorregion2_spot_79	0.0035225116	1.8750063e-07	4.1919282e-07	2.223283e-08	0.08393848	0.1418127	0.6804413	3.057007e-08	0.09028393	2.7167273e-08	3.2410986e-07	7.063984e-08
priorregion2_spot_80	0.10797316	1.6903892e-06	0.07608003	1.3874008e-07	7.2445705e-06	0.2560595	0.19941558	1.8330053e-06	0.36046028	2.8458913e-07	2.3346102e-07	1.254163e-07
priorregion2_spot_81	3.1919038e-07	8.45354e-07	4.543391e-07	7.691247e-08	0.013966143	3.8704875e-06	0.15970403	0.034113232	0.7922084	5.3097185e-08	2.1735602e-06	4.037639e-07
priorregion2_spot_82	0.009653104	0.018769883	5.753861e-06	4.2157396e-08	5.988852e-07	0.06353372	0.46148115	5.1854808e-05	0.44650334	3.261108e-08	4.3380226e-07	7.037328e-08
priorregion2_spot_83	3.649303e-07	4.6299198e-07	0.0029810604	1.5232191e-06	7.205567e-07	5.423587e-07	3.8979697e-06	0.027471317	0.9695395	9.284241e-08	2.8813145e-07	1.9163153e-07
priorregion2_spot_84	0.036433503	2.0202867e-07	6.874115e-07	4.9835324e-07	0.103211716	0.16415238	0.08413441	1.2511322e-05	0.60653925	5.2526623e-08	2.1001058e-07	0.0055146217
priorregion2_spot_85	0.004900529	2.9933108e-07	2.349728e-07	8.659121e-07	0.1245916	0.16609353	0.1869009	0.0092180455	0.50829333	5.5261612e-08	3.9688825e-07	2.0865258e-07
priorregion2_spot_86	0.0662757	1.4891255e-06	3.0082288e-07	7.888154e-07	0.062547415	0.0658454	0.08787	0.009294083	0.7003439	1.8780383e-07	0.007817458	3.1892866e-06
priorregion2_spot_87	0.009363692	2.32781e-07	5.7230704e-07	4.1254697e-08	0.16619734	0.4081663	0.06382931	0.0077443784	0.34469798	2.4875687e-08	7.30225e-08	8.6162935e-08
priorregion2_spot_88	0.017200338	2.3016696e-07	2.9154847e-07	1.2029463e-07	0.13681239	3.380648e-06	0.120109536	0.017047396	0.7053466	4.963794e-08	0.0034796214	1.7672406e-07
priorregion2_spot_89	0.09872143	3.168214e-07	2.1938084e-07	1.0956413e-07	0.13189556	3.1034773e-07	0.10057959	3.773718e-07	0.64111245	4.5736932e-08	8.509839e-06	0.027681084
priorregion2_spot_90	0.009219587	1.2749769e-06	3.907108e-06	4.1387864e-08	0.07500435	0.09610616	0.078795664	0.26992777	0.4688727	3.172635e-08	4.9919674e-07	0.002068118
priorregion2_spot_91	0.12980522	7.0905315e-07	6.903177e-07	0.0060557174	0.16848868	0.0305236	0.03839042	1.04484265e-07	0.5771513	7.190893e-08	0.041127574	0.008455938
priorregion2_spot_92	2.047974e-07	3.881827e-07	3.0662366e-07	1.0706422e-07	7.3806797e-07	0.07093054	0.53886867	0.0423801	0.3478182	9.867718e-08	5.6339167e-07	1.7435679e-07
priorregion2_spot_93	0.06768345	1.358937e-07	1.2137868e-07	1.8224937e-07	0.43780884	0.12965657	0.00015216756	0.0036247654	0.3447961	4.5815963e-08	0.016277423	3.2995868e-07
priorregion2_spot_94	0.081745036	0.001955897	3.5931154e-07	5.9028277e-08	0.05632155	0.11093756	0.015661996	0.046686914	0.6866903	4.7299306e-08	1.7481317e-07	2.925164e-07
priorregion2_spot_95	0.10375268	0.0088597825	0.024044856	1.86129e-07	0.16085805	0.08262328	0.0475325	0.0013458447	0.54333955	6.655911e-08	0.0072836163	0.020359688
priorregion2_spot_96	1.0000916e-06	6.6938895e-07	1.0169867e-07	1.01579246e-07	0.014853014	2.0919776e-06	0.26575828	0.10665353	0.60948247	0.0032465875	2.0015489e-06	1.5680403e-07
priorregion2_spot_97	0.033906758	0.008176235	0.05384623	0.21024151	0.13707176	0.17226319	0.105758205	2.2661361e-07	0.2777019	0.0010314299	1.8044639e-06	8.6051915e-07
priorregion2_spot_98	3.714506e-07	1.3189434e-06	1.0136764e-06	1.13682646e-07	0.08867897	0.416998	0.027495882	6.2629435e-05	0.46676102	9.749493e-08	3.9913e-07	1.5801925e-07
priorregion2_spot_99	0.026131943	1.7300739e-06	1.555456e-07	6.0197294e-08	0.083700754	0.051234037	0.08525293	0.2505145	0.4925038	8.363771e-08	0.010659097	9.2741436e-07
priorregion2_spot_100	1.0087471e-06	4.7682397e-07	0.026778726	0.040890444	0.022466986	0.03345308	0.61417854	1.7145212e-06	0.25918722	1.16316585e-07	0.00012381563	0.0029178795
priorregion2_spot_101	0.17216735	4.1039917e-07	0.07901407	1.24355565e-05	0.050597902	0.06326059	0.03538128	0.00013701998	0.599428	1.6033393e-07	4.529789e-07	3.5052815e-07
priorregion2_spot_102	0.07571004	5.9200573e-07	0.03762591	2.1973761e-07	0.07312148	0.37495184	0.07660674	5.591428e-07	0.36198023	1.8628329e-07	4.537816e-07	1.7404129e-06
priorregion2_spot_103	0.02761366	8.988674e-07	3.7234431e-06	1.2038663e-07	0.081076846	0.124384545	0.49818859	7.425018e-07	0.26873037	7.886227e-08	1.8367847e-07	2.1616174e-07
priorregion2_spot_104	0.013417371	0.016688053	2.2139297e-06	1.01522836e-07	0.049171	4.7163003e-06	0.13356386	0.011743564	0.7681465	5.6109396e-08	7.990238e-07	0.007261815
priorregion2_spot_105	0.015016761	0.006425563	0.00010503557	0.08519423	0.09376401	0.3326603	0.22740762	6.145302e-07	0.23774509	3.9790697e-07	1.1872284e-05	0.0016684717
priorregion2_spot_106	0.015623598	0.0038659582	0.03406082	0.07508744	0.017847948	0.11690585	0.2217457	0.02353961	0.38720748	2.7805103e-07	0.001289037	0.10282632
priorregion2_spot_107	9.3148394e-08	1.2888002e-07	7.2791255e-07	4.9152096e-08	0.022719363	0.04727662	0.6836558	0.0037133233	0.23834278	3.9818083e-08	1.4894273e-07	0.0042909225
priorregion2_spot_108	0.035998676	3.8311356e-07	2.3577687e-07	3.46465e-08	0.055451144	0.054471094	0.2771674	0.022321332	0.54489154	3.9965123e-08	0.009697985	1.9463289e-07
priorregion2_spot_109	0.0025333103	2.3300346e-07	0.028921839	0.1919999	2.8408438e-05	0.13181674	0.4638453	0.013569906	0.16725327	3.7129308e-08	3.0976025e-05	1.747698e-07
priorregion2_spot_110	0.04415708	0.00026714624	6.2547144e-07	5.2412478e-08	0.09009511	0.11326041	0.29153326	0.008399373	0.44050255	7.7680596e-08	0.011783709	5.6682626e-07
priorregion3_spot_1	0.018947145	2.2745344e-05	1.5924747e-06	4.4889404e-07	0.07612927	5.6155855e-06	0.06175783	0.011320156	0.83179903	1.4353877e-07	2.7396338e-06	1.3286853e-05
priorregion3_spot_2	0.041228976	0.005816528	3.2787955e-07	1.54731e-07	0.13862248	0.17113814	0.19411057	0.00018300099	0.44423923	4.576483e-08	3.7822582e-07	0.004660063
priorregion3_spot_3	0.03346333	2.2720836e-07	2.2510167e-07	6.059315e-08	0.093789086	0.032077968	0.09083686	0.005760667	0.74407095	5.9521508e-08	4.466456e-07	1.8450709e-07
priorregion3_spot_4	2.0413056e-05	9.0301086e-07	0.0059160925	2.8389132e-07	0.0084691355	0.026595686	0.09066789	0.32921085	0.53137624	5.702642e-07	0.00774111	7.434563e-07
priorregion3_spot_5	0.041955356	0.00022877152	5.524974e-07	8.743143e-07	0.0538338	0.06740912	0.040193055	0.015767397	0.78060454	2.7961395e-08	8.835421e-08	6.4599194e-06
priorregion3_spot_6	0.087996535	7.5202155e-07	3.506708e-07	1.390712e-06	0.097775385	0.05455048	0.10820546	2.6516298e-05	0.64318204	1.4316267e-07	0.00825253	8.453567e-06
priorregion3_spot_7	0.011672936	5.7722485e-07	4.9743944e-06	4.946215e-07	0.079217255	0.0024184377	0.1168505	0.020983037	0.76055264	7.227491e-08	0.008260028	3.8991282e-05
priorregion3_spot_8	1.1469958e-06	1.9894229e-07	8.7165034e-08	5.069996e-08	0.08081348	3.5385738e-06	0.0007053549	0.4028883	0.5114715	4.3596266e-08	0.004116093	1.223663e-07
priorregion3_spot_9	0.03289527	0.0020175104	0.006355712	5.121304e-08	0.0453911	0.023772115	0.19664639	0.018247418	0.67464584	6.125487e-08	2.90602e-07	2.8216606e-05
priorregion3_spot_10	4.791214e-07	6.5706865e-07	2.853692e-07	1.0320888e-07	0.031408608	8.990089e-05	0.0025078917	0.32484034	0.6411498	8.272472e-08	1.3973483e-06	5.135735e-07
priorregion3_spot_11	0.050251186	5.505553e-07	2.980457e-07	2.8394803e-07	0.11195336	6.751142e-07	0.011640494	0.019064585	0.8016006	4.6524414e-07	4.4980766e-07	0.005487012
priorregion3_spot_12	0.035688307	2.534576e-07	2.0409105e-07	2.8748963e-07	0.075459145	4.843501e-07	0.019745244	4.4155806e-07	0.8468577	1.4637399e-07	0.015946213	0.006301506
priorregion3_spot_13	0.06322481	7.2999154e-07	2.804396e-06	1.1155211e-06	0.10184895	0.0989922	0.097552694	0.0012875461	0.62358445	2.0340637e-07	8.3625e-06	0.013496127
priorregion3_spot_14	0.16372651	0.005552968	2.7095518e-07	0.00021885577	3.319088e-06	0.13149069	0.1119627	0.017328808	0.56971335	1.4272325e-07	3.2838602e-07	2.0499185e-06
priorregion3_spot_15	0.050658695	0.03797355	7.043396e-08	1.7713114e-07	0.19031416	0.053041756	0.069972284	7.7973084e-08	0.56540406	6.2144665e-08	0.032634553	5.081049e-07
priorregion3_spot_16	0.010155708	1.2512132e-05	0.0002979644	6.596359e-07	0.09482076	0.09368746	0.07664282	0.26190516	0.46246612	1.9250193e-07	9.440605e-06	1.2326739e-06
priorregion3_spot_17	0.015824482	9.554605e-05	0.0017180743	5.171044e-07	9.196777e-06	2.9645582e-05	0.11842082	0.037525453	0.82637334	1.7528124e-07	6.737594e-07	2.027639e-06
priorregion3_spot_18	0.10870295	0.0048104525	8.1243996e-07	1.0683085e-07	0.08872571	0.1641325	0.080068834	1.0304293e-07	0.52889407	9.35195e-08	0.024661453	2.9754867e-06
priorregion3_spot_19	2.8649488e-06	0.0014870259	0.0012008803	5.0539927e-07	0.098488696	0.0013814586	1.1890521e-06	0.030825607	0.8666115	4.2021714e-08	1.5239438e-07	1.16744935e-07
priorregion3_spot_20	0.12854792	9.485063e-07	0.006292518	4.1386548e-07	0.18790567	0.011134454	0.06354842	8.702974e-08	0.56666243	1.0242044e-07	0.00092808524	0.03497884
priorregion3_spot_21	0.14952068	5.4413763e-06	2.0343704e-07	1.5769429e-07	0.05864691	0.05171924	0.106106035	0.0045143696	0.6292979	1.01896475e-07	3.3620543e-07	0.00018862417
priorregion3_spot_22	0.07268918	0.018180074	2.6114812e-06	0.027606593	0.18663876	0.0065704915	0.008100284	0.0125482725	0.63225955	3.414935e-08	4.127705e-07	0.03540388
priorregion3_spot_23	0.1545475	3.8568936e-07	0.097882524	1.296916e-07	0.025948854	0.03307645	0.08251461	1.30123835e-05	0.6060159	4.3433644e-08	3.76698e-07	9.2298016e-08
priorregion3_spot_24	0.117723145	1.3643265e-06	0.021583844	0.0044713267	0.11278288	0.028907288	0.055916578	1.2544338e-07	0.6482572	2.9132025e-07	0.008916384	0.0014396341
priorregion3_spot_25	0.041006748	0.0070453477	0.020913718	9.65088e-08	0.07795631	0.058358647	0.029647706	3.9717906e-07	0.7650704	6.38041e-08	2.7576826e-07	2.3987278e-07
priorregion3_spot_26	0.013942094	1.4561846e-07	1.7150708e-07	3.0357552e-07	0.03280942	4.3043087e-06	7.552096e-06	0.15347107	0.7887415	1.5334675e-07	0.011022482	6.8281986e-07
priorregion3_spot_27	6.1268094e-07	8.5559685e-07	8.034542e-07	1.7857552e-07	1.9830177e-06	9.952302e-07	2.7597935e-06	3.841959e-06	0.99998707	1.637227e-07	4.3363835e-07	3.3577774e-07
priorregion3_spot_28	0.0012907435	1.391149e-06	4.4713142e-06	6.6722215e-08	0.06190483	0.008782723	0.04992915	0.30392948	0.5741559	6.569349e-08	7.8474415e-07	3.3096768e-07
priorregion3_spot_29	3.9942835e-05	2.1629037e-05	6.2691047e-06	2.5292576e-07	0.032146186	0.0844134	0.26341495	0.004826203	0.61223674	1.9467977e-07	0.002892708	1.5333329e-06
priorregion3_spot_30	2.541406e-07	2.960832e-07	1.9939841e-06	2.253871e-07	7.4705355e-07	6.884771e-07	0.03606805	4.043341e-06	0.963922	1.4043762e-07	1.3372368e-06	1.897616e-07
priorregion3_spot_31	1.4695185e-07	2.3343298e-07	2.8993173e-07	1.6442786e-07	9.83238e-07	1.731354e-06	8.639459e-06	0.037348952	0.9626384	4.2028862e-08	1.8610585e-07	1.1924432e-07
priorregion3_spot_32	0.030228937	0.008228822	1.5636109e-06	3.5885498e-07	2.9028727e-06	1.1680662e-06	2.1962242e-06	1.6351276e-05	0.9615163	1.8084965e-07	4.2660432e-07	8.380353e-07
priorregion3_spot_33	0.017530764	0.023141213	3.097458e-07	4.5734698e-08	0.035079572	0.19024503	0.25154302	6.5660635e-07	0.48193887	5.5639422e-08	0.0005200542	4.092233e-07
priorregion3_spot_34	0.07863647	0.002802085	0.0044326503	8.94415e-08	0.09020095	0.30391902	0.0003177536	1.4781213e-07	0.5097486	5.560501e-08	0.009941953	3.3600531e-07
priorregion3_spot_35	1.2372834e-07	2.584215e-07	1.4836806e-07	4.339521e-08	0.0051174336	0.0157586	0.05706875	0.027958015	0.8940965	4.532819e-08	1.2665365e-07	9.6022475e-08
priorregion3_spot_36	0.079706155	0.006347637	0.00021875171	6.5757035e-07	0.13405694	0.009038498	0.077134684	0.0036200946	0.68114007	1.07580874e-07	0.007723554	0.0010128494
priorregion3_spot_37	0.031658195	2.6395674e-07	5.3508427e-07	1.2585691e-07	0.0708614	0.10866947	0.0005134825	0.057845145	0.71897477	5.563304e-08	0.011476343	1.5749218e-07
priorregion3_spot_38	0.0141953435	1.0368018e-06	1.4530524e-06	2.0481467e-07	0.087758675	2.4270084e-06	0.021910595	4.7565234e-05	0.87178016	1.1764885e-07	0.004301741	7.507008e-07
priorregion3_spot_39	0.14513713	2.3898283e-06	0.04930611	7.5363414e-07	0.07616644	0.036780555	0.06092084	2.8676077e-06	0.6270548	1.2121468e-07	0.0046270913	8.56956e-07
priorregion3_spot_40	0.03287667	0.0020117832	1.7640126e-07	2.9286085e-07	0.04263636	0.05394414	0.059253927	0.0028757006	0.8063996	6.762214e-08	6.830233e-07	6.788699e-07
priorregion3_spot_41	1.1172319e-06	6.677878e-07	0.007924632	0.013939234	0.11561485	2.6940145e-06	2.5780048e-05	1.8693262e-07	0.86249053	6.710922e-08	1.25854e-07	2.1692988e-07
priorregion3_spot_42	0.083344676	0.008423176	0.010441338	5.5640646e-07	0.14542025	0.19789521	0.21329941	1.0807734e-07	0.32959706	1.8715036e-07	1.8043794e-06	0.011576252
priorregion3_spot_43	0.02585655	8.157005e-07	3.6952854e-06	2.1103497e-07	5.6029508e-06	0.021327661	0.07373941	0.050846424	0.82114047	2.0454085e-07	0.0070768953	2.0637185e-06
priorregion3_spot_44	4.6887737e-07	6.8926283e-07	2.4751333e-07	1.0537455e-07	0.022261664	0.024112018	0.057418585	0.048277996	0.8479062	6.250787e-08	2.1728985e-05	1.5611892e-07
priorregion3_spot_45	0.057433624	5.6281286e-05	1.6401867e-07	1.4267903e-07	0.11437191	0.07664126	0.0034906701	0.0037779529	0.72951883	8.049664e-08	0.0147088235	2.1650692e-07
priorregion3_spot_46	0.06964276	8.9597654e-07	0.039766654	1.3103413e-07	0.05233917	0.0015109996	2.613079e-06	0.3226786	0.5140278	4.552362e-08	3.0098652e-05	1.7389037e-07
priorregion3_spot_47	0.090446636	1.1384807e-06	2.8022464e-06	0.002171391	0.0658419	0.068400055	0.13098036	7.0743994e-07	0.6268605	1.4194617e-07	0.010592481	0.004701918
priorregion3_spot_48	0.11387402	0.00216917	1.13350104e-07	1.0240617e-07	0.09107317	0.050530042	0.009151469	0.03216255	0.6737124	8.116174e-08	0.024885638	0.0024412374
priorregion3_spot_49	0.069867484	9.26628e-06	6.0354273e-07	5.0952156e-07	0.076079726	0.17276958	0.11597822	1.5587776e-06	0.5600484	1.516972e-07	1.1502301e-06	0.0052433717
priorregion3_spot_50	0.01315279	0.0030015353	1.7302905e-07	9.67088e-07	0.020336727	0.04173852	0.089280196	0.014012482	0.81280136	5.658923e-08	8.5954815e-07	0.005674393
priorregion3_spot_51	0.019650057	0.0061306143	0.0014958889	2.114059e-06	0.055737644	0.078131884	0.2479878	0.011713702	0.57808125	1.0010674e-07	3.845256e-06	0.001065161
priorregion3_spot_52	2.0443379e-07	9.6038505e-08	3.5209715e-07	6.060901e-08	0.015640264	0.024104841	0.15762739	0.028406017	0.77422005	3.7449677e-08	6.598372e-07	1.343732e-07
priorregion3_spot_53	0.06465123	0.022158254	5.6102203e-05	1.6486815e-07	0.10006106	0.058014918	0.10480765	0.0018259621	0.64125484	1.3585392e-07	0.0023620306	0.0048076417
priorregion3_spot_54	0.0026298978	1.4275876e-07	0.16845751	4.1749226e-07	8.279616e-06	0.011896494	0.12792683	0.023280721	0.6657986	7.2702036e-08	4.711619e-07	4.602675e-07
priorregion3_spot_55	0.059310593	8.827798e-07	1.983777e-06	2.2064991e-07	0.050437834	0.00023495028	0.111368045	8.134167e-06	0.77847034	8.1102264e-08	0.00016468826	2.213883e-06
priorregion3_spot_56	0.060648084	0.02266706	1.3549479e-07	1.6935458e-07	0.11197991	0.0067268107	0.03223603	1.3111068e-05	0.7601283	7.178952e-08	0.0028396004	0.0027606725
priorregion3_spot_57	0.07316575	0.0081692105	0.016392699	2.6961527e-07	0.15433949	0.005031472	0.024758123	0.009449836	0.7065724	1.702435e-07	3.2645872e-07	0.0021202723
priorregion3_spot_58	0.015274283	2.1908009e-07	0.12644751	2.395463e-07	0.05769143	0.10804609	0.006614925	0.018615888	0.6561454	4.0818243e-08	0.011163781	1.4953487e-07
priorregion3_spot_59	0.007632166	2.2838776e-05	3.3477318e-06	4.5494866e-07	0.025422685	1.1877313e-05	0.113427125	0.013286326	0.8401777	1.2888128e-07	1.1829886e-05	3.4143673e-06
priorregion3_spot_60	0.002672443	5.269467e-07	2.234261e-06	5.7469737e-07	1.6093374e-05	3.187347e-06	3.499329e-06	0.021796005	0.9754995	1.7742126e-07	5.101718e-06	6.9322675e-07
priorregion3_spot_61	0.07028486	0.006668408	0.02341765	3.2295648e-07	0.1473697	2.6060987e-05	2.6749522e-06	0.035551775	0.71667486	3.2608224e-07	9.4010153e-07	2.3920954e-06
priorregion3_spot_62	0.08198624	0.007715844	0.011303573	1.3821463e-07	0.14176922	0.05731018	0.15507723	1.2365457e-07	0.5206399	5.118856e-08	0.018106136	0.006091325
priorregion3_spot_63	1.7529673e-07	2.4101283e-07	4.7268273e-07	8.995164e-08	5.2542407e-07	4.4769484e-07	0.065305345	7.776528e-05	0.9346129	1.0111061e-07	1.7155978e-06	2.6250493e-07
priorregion3_spot_64	0.05354358	0.00024635938	7.958523e-07	0.0047815754	0.09262101	0.030665692	0.052979082	0.013967326	0.74488777	5.820496e-08	0.006306514	2.1121005e-07
priorregion3_spot_65	0.0046780743	3.3291477e-07	4.5230115e-07	8.445596e-08	1.2314052e-06	0.016762376	0.10843112	0.032276053	0.83784574	5.640634e-08	4.2047573e-06	2.5713098e-07
priorregion3_spot_66	9.1316116e-07	7.968953e-07	2.598099e-07	1.0784547e-07	3.915036e-06	1.3859807e-06	0.116457745	1.0089501e-05	0.8660277	1.0531651e-07	0.017496621	2.8621344e-07
priorregion3_spot_67	0.07717475	4.6112498e-07	2.5025173e-07	4.1391297e-07	0.17005363	0.14778766	0.048593894	0.032843374	0.508334	3.0336643e-08	9.8641885e-06	0.015201796
priorregion3_spot_68	0.017377015	2.926925e-07	9.819322e-07	2.694114e-07	0.029617753	0.03495662	8.088583e-06	0.009483214	0.90854925	9.3202075e-08	5.482905e-06	8.5916963e-07
priorregion3_spot_69	0.018328853	1.6346961e-07	7.3745036e-07	0.0021122315	0.05901583	2.069793e-06	0.014435206	0.027760152	0.8527159	8.938659e-08	0.025628459	3.8486297e-07
priorregion3_spot_70	0.017205648	0.008830153	0.0059210523	1.26922e-07	0.07122503	0.03728555	0.025851887	0.28933254	0.54434407	8.414235e-08	3.1645477e-06	6.822579e-07
priorregion3_spot_71	4.0797656e-07	4.3160068e-07	9.673387e-07	3.9655558e-07	4.6997715e-07	5.296561e-07	1.3155855e-06	0.00057020725	0.9994237	2.3297993e-07	7.240128e-07	7.1309546e-07
priorregion3_spot_72	0.05030734	9.216363e-07	0.011079162	1.8559723e-07	0.10243088	0.04926044	0.13569748	0.011045073	0.6350982	5.11262e-07	0.0050753793	4.363217e-06
priorregion3_spot_73	0.05756851	0.006134685	1.5473313e-06	6.1435394e-08	0.075323306	0.066762365	0.10891608	0.031258926	0.6540309	9.372013e-08	2.8987488e-06	6.427416e-07
priorregion3_spot_74	0.0064692134	4.0869793e-07	5.950918e-07	3.240189e-08	0.0288837	0.0035704216	0.1409879	0.003936702	0.8161458	4.4512895e-08	5.084088e-06	3.367109e-07
priorregion3_spot_75	0.06496806	2.629563e-06	2.0781033e-06	0.0012079697	0.049023412	0.039016433	0.1246786	0.000790782	0.7089989	1.417718e-07	0.011310239	7.6509116e-07
priorregion3_spot_76	0.026556242	9.961088e-07	2.1609297e-07	1.11416746e-07	0.0245878	0.18703406	0.084505804	0.039575394	0.63578624	1.6217749e-07	0.001940594	1.2406597e-05
priorregion3_spot_77	3.9133133e-07	2.5132945e-07	1.1481698e-07	1.7436409e-07	0.00050959544	3.1886666e-05	0.019539014	0.059319504	0.92059666	6.7679885e-08	1.95829e-06	3.873529e-07
priorregion3_spot_78	0.030099267	2.849916e-07	2.0371808e-06	1.8317493e-07	3.7103055e-06	1.001308e-06	0.18779078	2.1884352e-05	0.78205985	1.0803612e-07	5.570821e-06	1.5313442e-05
priorregion3_spot_79	0.050139897	3.7094904e-07	0.09275337	1.5894655e-06	0.12423567	0.013345985	0.046182342	0.02911739	0.6287039	4.8673744e-08	0.007850416	0.007668935
priorregion3_spot_80	0.032910414	0.004813814	3.774064e-07	1.211554e-07	0.03929219	0.043559875	0.02491369	0.31932983	0.5351726	1.3739027e-07	6.6953394e-06	2.4949668e-07
priorregion3_spot_81	0.17692295	3.5804874e-07	0.10184445	8.987927e-08	0.040443778	0.041137964	0.025057597	5.9927174e-07	0.61459196	3.6062602e-08	2.5245356e-07	8.0360344e-08
priorregion3_spot_82	0.06554373	1.8107104e-07	0.2723554	0.010644257	0.09827576	0.03664828	0.072772056	1.6068701e-07	0.43761918	7.709646e-08	0.005344314	0.0007966218
priorregion3_spot_83	0.09945574	0.0035233146	2.0743962e-06	2.513757e-07	0.07058221	0.17594576	0.14214572	0.004820903	0.48875925	3.0858868e-07	0.00043620195	0.014328268
priorregion3_spot_84	0.04995215	5.740823e-07	7.057319e-07	2.9377173e-07	0.02071102	3.2282983e-06	0.02493602	7.3081515e-05	0.9043215	2.700263e-07	6.3374705e-07	6.3678584e-07
priorregion3_spot_85	0.054657713	0.0037867378	3.0343997e-06	2.9587233e-07	0.14396106	0.044674646	0.09653719	1.7682686e-07	0.63564336	1.0322806e-07	0.016853454	0.00388217
priorregion3_spot_86	0.25566235	5.682071e-07	0.18671644	1.7250686e-07	2.8725258e-06	1.2047798e-06	2.8734485e-07	0.048253622	0.5093619	7.0506125e-08	2.532561e-07	1.2854196e-07
priorregion3_spot_87	6.809157e-07	2.0890745e-07	1.4299877e-05	4.3255774e-08	0.061289113	7.290265e-07	2.1241468e-07	0.5860215	0.34791595	5.053398e-08	0.004757149	1.1694275e-07
priorregion3_spot_88	0.05450256	1.0211044e-06	0.10048336	1.6709308e-05	0.07828258	0.15734753	0.11070078	6.2306754e-07	0.49674264	6.383918e-08	8.9124416e-07	0.0019212582
priorregion3_spot_89	0.020757714	1.1207411e-06	5.1225084e-06	0.0014514284	0.08232639	0.044233568	4.2250467e-05	0.0035254178	0.84765494	6.240618e-08	1.6960673e-06	2.6178634e-07
priorregion3_spot_90	0.13752364	1.2755128e-06	0.06671618	5.5173285e-07	0.03536703	0.029532136	0.023069682	0.0058975243	0.7011844	1.9083645e-07	0.00069485296	1.2553302e-05
priorregion3_spot_91	0.0057031615	3.2178189e-06	3.4831535e-07	2.765806e-07	0.08056981	1.736558e-06	0.030419923	0.023374185	0.8597627	7.9542964e-08	1.669033e-06	0.00016290837
priorregion3_spot_92	0.043776	1.8212372e-06	4.4282356e-06	1.8129323e-07	0.063944764	0.13482034	0.12833036	0.027943557	0.59916073	1.1755673e-07	3.6110944e-06	0.0020141017
priorregion3_spot_93	0.04625165	0.002524561	5.303556e-07	2.1336238e-07	0.07179717	0.1307639	0.20350575	0.006596993	0.524293	9.684401e-08	0.014257555	8.507283e-06
priorregion3_spot_94	0.013728883	2.544932e-07	0.16708858	2.5555994e-07	0.03964869	0.035791874	3.4093728e-07	0.056099713	0.6876409	4.1432887e-08	2.1251729e-07	1.8648774e-07
priorregion3_spot_95	0.1818876	4.1790927e-06	2.0380803e-07	3.6024792e-07	0.046414256	0.110799074	0.07674548	2.468772e-07	0.5608531	1.6984347e-07	0.013430382	0.009864822
priorregion3_spot_96	0.012102182	8.1773925e-07	0.18188225	1.9561531e-07	0.049450736	0.029301507	0.003565886	1.9085267e-06	0.72369385	7.137315e-08	3.7033396e-07	1.9371727e-07
priorregion3_spot_97	1.3952424e-06	6.5030673e-07	6.057938e-08	6.478442e-08	0.040564097	0.0013598131	2.0684026e-07	0.41180018	0.546273	3.5326426e-08	4.67502e-07	8.488491e-08
priorregion3_spot_98	0.11935648	0.00832205	2.1027724e-07	1.3524544e-07	0.11082749	0.07707548	0.058246877	0.0135953035	0.6093713	7.7934565e-08	0.0023082008	0.0008963757
priorregion3_spot_99	6.1156095e-07	2.3756345e-06	2.9864952e-07	1.9053515e-07	6.134902e-06	0.17534095	0.26816112	5.067548e-06	0.5564826	7.768167e-08	2.9730936e-07	2.4604316e-07
priorregion3_spot_100	0.0113249915	3.9481833e-07	1.2331574e-07	5.8851015e-08	0.028170045	0.10853591	0.046762228	0.27793747	0.5272523	9.082651e-08	1.6098824e-05	2.73265e-07
priorregion3_spot_101	0.009265274	9.158597e-07	3.9531365e-06	8.56434e-07	0.087512754	0.028781466	0.14151667	0.029565696	0.7033336	3.551326e-07	6.558162e-06	1.1934395e-05
priorregion3_spot_102	0.08209306	5.89471e-07	1.2292158e-07	1.3787063e-07	2.1286507e-06	3.5879202e-06	0.11552034	0.021023232	0.781355	9.768097e-08	1.1523224e-06	4.7750484e-07
priorregion3_spot_103	0.02342235	0.004438044	0.028797066	7.180158e-08	0.016144477	0.072478935	0.16126545	0.0049080225	0.67657787	2.1930784e-07	0.011967381	1.6266115e-07
priorregion3_spot_104	6.3873927e-07	8.8922195e-07	4.9135735e-07	1.6946143e-07	5.6025215e-06	0.06492814	2.9089417e-06	9.730585e-06	0.9350482	1.5833992e-07	2.79249e-06	2.5934884e-07
priorregion3_spot_105	0.03850614	0.0018565708	0.2614639	5.5303326e-06	0.023770235	0.019056026	0.09952382	0.012781303	0.5430358	1.2866751e-07	3.955121e-07	1.6108511e-07
priorregion3_spot_106	2.4891597e-07	2.3619212e-07	4.2876187e-07	3.3917837e-07	3.5857877e-07	4.418926e-07	3.733453e-06	0.034976996	0.96501416	1.8115249e-07	2.502189e-06	3.9312744e-07
priorregion3_spot_107	0.1600273	4.176085e-07	3.293035e-07	0.01572457	0.235203	5.67661e-07	0.018997831	2.63089e-07	0.5294894	1.4352167e-07	5.5969133e-07	0.04055555
priorregion3_spot_108	0.042504296	2.6704652e-07	0.01750358	0.011645548	0.12943795	1.8095413e-06	0.01291983	8.3324727e-07	0.73207706	4.934888e-08	5.1495124e-05	0.0538573
priorregion3_spot_109	0.06606968	0.04604665	1.2048808e-07	8.849592e-08	0.113897264	0.06208683	0.009992557	0.004263922	0.69088054	3.066084e-08	3.196036e-07	0.006762045
priorregion3_spot_110	0.016291093	3.0426838e-07	0.009074863	4.3107065e-07	0.09997646	0.005392298	0.050794095	0.028438559	0.79003	8.299804e-08	1.4766958e-06	3.018168e-07
priorregion3_spot_111	0.02215217	1.3246672e-06	2.196687e-07	5.329541e-08	0.04462618	0.043109108	0.080758	2.198414e-06	0.8054767	7.546641e-08	0.0038734085	5.5602817e-07
priorregion3_spot_112	0.074784406	1.3703714e-06	9.1076896e-07	2.1161881e-07	0.0881726	0.008834596	0.12057009	0.012281639	0.687397	1.16695865e-07	0.007946356	1.0680761e-05
priorregion3_spot_113	0.07687097	0.0042761224	0.012945138	5.379015e-06	0.11604425	0.026153242	0.06488887	1.0045609e-06	0.6947424	1.2987663e-07	0.0040665264	5.977873e-06
priorregion3_spot_114	0.16191448	0.0030794935	0.07700436	1.3905539e-07	0.06555009	0.042174023	8.665123e-07	2.1531025e-06	0.6502739	4.6736847e-08	3.5162267e-07	9.3071755e-08
priorregion3_spot_115	0.0203521	1.5706341e-06	2.3493791e-07	4.9181033e-08	0.05885273	0.06645783	0.007351441	0.3173302	0.5238857	1.2382053e-07	0.005767766	1.8843373e-07
priorregion3_spot_116	0.12759559	0.010653545	0.19838391	3.278691e-06	1.0768822e-05	0.010777516	0.07056073	0.016162364	0.56584924	8.327837e-08	2.2618538e-06	7.6702315e-07
priorregion3_spot_117	0.15888932	0.014591159	2.5007185e-07	0.0025141763	0.11357038	0.1073408	0.0612109	1.1196199e-07	0.54105425	7.3881985e-08	2.3853918e-05	0.0008046604
priorregion3_spot_118	0.038432773	2.462871e-07	3.4637867e-07	1.0114411e-07	0.06487839	0.048171602	0.018817537	0.0391635	0.78722847	5.71072e-08	0.0033068692	9.315293e-08
priorregion3_spot_119	0.06413834	6.736324e-07	8.242361e-08	1.2168434e-07	0.13550565	6.6651575e-07	2.008238e-06	0.068659306	0.720944	2.9787557e-07	0.0107477065	1.2445603e-06
priorregion3_spot_120	0.04553103	3.2739806e-07	0.16007426	0.0043040803	0.108808376	0.0018880093	0.036870025	0.018114885	0.6244075	6.681702e-08	1.0278641e-06	4.5861086e-07
priorregion3_spot_121	0.010808443	0.014732632	0.0043116524	1.4602544e-07	0.038507503	1.0063235e-06	0.1720761	0.026556188	0.7330057	5.978324e-08	3.527545e-07	2.2619668e-07
priorregion3_spot_122	0.050140068	4.523836e-06	1.7369877e-07	2.5106132e-07	0.09358282	0.031975016	3.8928692e-06	0.02745241	0.7968396	1.1051506e-07	7.580551e-07	3.4077758e-07
priorregion3_spot_123	6.4584077e-07	5.539214e-07	2.231205e-07	1.6638356e-07	4.6272253e-06	5.8520905e-05	1.9085555e-06	4.018668e-06	0.99992865	1.3216513e-07	3.7505464e-07	2.0515746e-07
priorregion3_spot_124	0.007948643	2.9247596e-07	0.03768954	2.0235282e-07	0.10111618	0.13126966	8.059763e-07	0.30205408	0.41992015	3.4314514e-08	2.6158006e-07	9.5189584e-08
priorregion3_spot_125	0.063661	0.00076265767	7.70299e-07	0.0009203691	0.13592012	0.028972056	2.042558e-06	0.012497752	0.75605595	3.0704385e-07	0.0012060867	9.73568e-07
priorregion3_spot_126	0.13202567	0.005503217	1.3346774e-07	3.5867654e-08	0.13124424	0.08750911	3.7079306e-05	0.002484787	0.6323159	5.55174e-08	0.008879306	4.6118663e-07
priorregion3_spot_127	0.075661995	0.0040707043	4.3852754e-07	2.2156652e-07	0.15389702	0.03127763	0.08491519	0.01130884	0.6232285	6.971858e-08	0.014497614	0.0011418437
priorregion3_spot_128	0.028829545	2.9961888e-07	1.09158345e-05	1.6018343e-07	0.10411655	6.505341e-05	0.08867718	0.022663534	0.75563586	5.8900447e-08	3.5464421e-07	4.6373353e-07
priorregion3_spot_129	0.08921209	1.0249033e-07	0.5160517	0.02062038	0.08959144	1.2687471e-07	1.8421579e-07	9.4812755e-08	0.2690103	7.7301635e-08	2.0222397e-07	0.015513243
priorregion3_spot_130	0.04895069	6.972142e-08	0.53961194	0.008262579	0.013256135	2.0352489e-05	0.08712044	0.0014278082	0.28853002	6.193452e-08	0.012815656	4.2482357e-06
priorregion3_spot_131	0.122806124	4.135057e-07	0.056605164	5.407678e-07	0.07684343	0.006027574	0.013751449	0.0034996134	0.72046536	5.152331e-08	1.896102e-07	1.02375175e-07
priorregion3_spot_132	0.005031615	7.6026225e-07	1.1029359e-06	2.823548e-07	4.482458e-07	5.479502e-07	0.23286214	0.040560775	0.72153974	3.3251393e-07	5.4016294e-07	1.743091e-06
priorregion3_spot_133	0.030402353	1.4007927e-06	1.1764906e-07	1.0046413e-06	0.056751166	0.028697299	0.09363738	0.050024386	0.7371359	6.3099314e-08	0.00334408	4.829619e-06
priorregion3_spot_134	0.13720067	3.824466e-07	0.088878326	9.4881344e-08	0.022099763	1.31973e-06	2.55341e-07	0.030462442	0.7213564	4.952937e-08	1.2740705e-07	7.574634e-08
priorregion3_spot_135	6.680208e-07	3.3701292e-07	6.546934e-07	6.249658e-08	2.3429773e-06	0.052748717	0.11534651	0.012726087	0.8096679	7.0450156e-08	0.009504654	2.0002851e-06
priorregion3_spot_136	0.042077858	2.1145046e-07	1.350606e-07	4.7465843e-08	0.00814341	0.03552229	0.16921504	2.427579e-07	0.7450353	4.870322e-08	5.427899e-06	1.04271045e-07
priorregion3_spot_137	1.3323179e-06	1.6017604e-07	1.5770839e-07	7.692817e-08	7.233102e-07	1.8485081e-06	0.15221635	0.08835215	0.7594268	7.595764e-08	1.9587935e-07	1.4600161e-07
priorregion3_spot_138	0.025907354	4.244624e-06	5.8806336e-07	0.00038453925	0.05274212	0.07623253	0.021937383	0.039873987	0.78100336	7.316653e-08	0.0019136654	1.8152829e-07
priorregion3_spot_139	4.1700573e-06	4.6814148e-07	1.3865937e-07	6.1177235e-07	0.024542162	2.448969e-06	6.365548e-07	0.10577708	0.8616159	6.091839e-08	0.008056196	2.604586e-07
priorregion3_spot_140	0.05613075	0.0022075134	0.0035942143	4.0775012e-07	0.11673292	0.15297176	0.07004856	0.003450818	0.59187496	9.1632565e-08	1.5203069e-06	0.0029864782
priorregion3_spot_141	0.23924877	0.0052267774	0.13725397	2.8129188e-07	0.041758798	0.00015359533	6.3486023e-06	1.2640538e-06	0.5763496	6.5886624e-08	4.3217523e-07	1.4111727e-07
priorregion3_spot_142	0.023840602	6.2443786e-07	2.4501193e-07	2.3198227e-07	0.029629618	0.000610699	0.06689748	7.228402e-07	0.8613301	1.2557909e-07	0.017689258	2.5993492e-07
priorregion4_spot_1	0.06332567	2.185301e-06	4.0837074e-07	2.3157779e-07	0.13195251	0.11276617	0.06794784	0.233761	0.27286375	2.2401788e-07	9.0248307e-07	0.117379114
priorregion4_spot_2	0.16164742	0.004037753	1.2850965e-06	1.8948125e-05	9.4735276e-07	0.033488266	0.052114565	0.023206484	0.19892524	5.181446e-06	0.06857203	0.45798194
priorregion4_spot_3	0.0011417323	1.6191502e-06	2.3749808e-06	7.0829594e-07	0.0068649687	0.2009752	0.07092786	0.0014138685	0.7186303	3.9152445e-07	1.6846835e-06	3.9384075e-05
priorregion4_spot_4	0.15122841	0.011551431	0.009447975	1.6991284e-07	0.029478006	0.12262257	0.22154021	0.0047123143	0.38765863	1.6760227e-07	3.4769748e-06	0.061756633
priorregion4_spot_5	0.09637333	0.0074269273	1.0783851e-07	5.0995688e-08	0.11346494	0.25082043	0.035717428	1.0547394e-07	0.4837994	3.1166373e-08	0.012397198	8.788235e-08
priorregion4_spot_6	0.045455385	1.5898834e-07	1.4953365e-07	5.106639e-08	2.3749793e-05	0.027307132	0.07090094	8.806438e-07	0.5669651	8.622476e-08	7.189298e-07	0.28934565
priorregion4_spot_7	0.185317	2.1104663e-06	0.061462544	8.1787095e-07	1.3783771e-06	0.0095320335	8.5016785e-05	0.042185225	0.5601414	7.6839484e-07	1.0399401e-05	0.14126126
priorregion4_spot_8	0.0140162315	0.014922831	0.010211288	0.0061073243	0.01881192	0.017231064	0.02513259	0.5071731	0.33556473	0.012524641	0.0263585	0.011945845
priorregion4_spot_9	6.560798e-05	0.036195748	1.5636516e-06	1.4373009e-05	0.0394299	0.04248767	1.6918399e-06	0.2416209	0.3245287	0.0040841224	0.1631478	0.1484219
priorregion4_spot_10	0.011946972	3.7811773e-07	6.37732e-08	5.0928755e-08	0.041314393	0.03828949	0.005416444	0.37988353	0.38580814	5.064627e-06	0.030947747	0.10638774
priorregion4_spot_11	0.14682233	0.011936181	1.1303732e-07	6.319413e-08	0.065574445	0.11633308	5.034186e-06	0.14236072	0.3574471	1.5976664e-07	1.3239911e-06	0.15951942
priorregion4_spot_12	2.0007058e-06	0.013070886	2.121293e-07	8.710101e-08	0.0003058839	0.114082135	1.1749987e-06	0.58037657	5.030696e-06	8.4425676e-07	0.19930501	0.09285017
priorregion4_spot_13	0.0050932826	4.2857454e-07	0.022118552	9.1960835e-08	0.008941653	0.036083635	0.13102317	0.02616495	0.77057314	1.18546254e-07	1.9433696e-07	8.5747575e-07
priorregion4_spot_14	0.5471313	0.0036292635	1.074675e-07	5.609394e-08	0.04643258	0.061968654	0.04305652	2.8310433e-07	0.105788216	9.7265286e-08	0.017945552	0.17404738
priorregion4_spot_15	6.101625e-07	4.3757075e-07	4.986696e-06	1.0097358e-06	4.0072928e-07	3.232764e-07	4.9050067e-07	0.0006379076	0.3017596	1.6030815e-06	0.6975903	2.2686993e-06
priorregion4_spot_16	0.0020452559	0.0015984703	0.002179121	3.4327607e-07	5.796903e-06	2.0626182e-07	0.05919993	0.26400232	0.102754496	1.2220869e-06	0.56778866	0.00042420512
priorregion4_spot_17	1.3077901e-07	1.7662738e-07	0.03466148	7.100408e-07	1.9445389e-07	1.7286645e-07	0.09807996	0.016211817	0.22476864	2.105452e-06	0.62626886	5.7557877e-06
priorregion4_spot_18	0.11179521	1.3260117e-06	1.9086397e-07	1.2294166e-07	0.051059607	6.645527e-06	0.045800757	5.742906e-07	0.75909775	1.14698004e-07	0.032235883	1.9051128e-06
priorregion4_spot_19	0.085060894	0.0030617751	0.0004663072	2.2882352e-07	0.04896793	0.019594282	0.057416234	0.29291007	0.49252045	1.0742728e-07	1.2295638e-06	4.6592788e-07
priorregion4_spot_20	2.061201e-07	2.152549e-07	4.9781016e-07	2.747171e-07	6.913097e-06	1.0806851e-06	0.06077524	0.023184653	0.5814317	1.2622382e-07	0.23826893	0.09633014
priorregion4_spot_21	0.029342093	0.006847917	2.4112471e-06	4.1279753e-07	1.182207e-06	7.561357e-07	0.09476429	0.23206767	0.5191156	5.5679385e-07	0.08877916	0.029077945
priorregion4_spot_22	0.28615725	0.0016605384	2.0066052e-07	5.989869e-08	0.011652868	0.031582326	0.0126413	0.27640596	0.10701985	0.01796399	0.12907878	0.12583685
priorregion4_spot_23	0.010183524	0.008706296	1.576557e-07	4.363001e-08	0.09076635	0.071014926	2.22803e-05	0.04849425	0.77064717	5.522247e-08	0.00016477659	1.451279e-07
priorregion4_spot_24	0.12275031	0.007248053	1.8662104e-07	1.3124993e-07	0.13143438	0.15595008	7.444167e-06	0.002450043	0.49802256	1.0155391e-07	0.014824608	0.067312114
priorregion4_spot_25	0.4414474	2.337162e-07	1.1681083e-07	2.5417086e-07	1.939125e-06	2.6265207e-07	2.0468723e-07	0.10385569	0.43405265	7.952519e-08	6.9423214e-07	0.020640451
priorregion4_spot_26	0.0060255695	6.7656225e-07	3.8676703e-07	4.2525244e-08	0.07286948	0.008958913	0.01395775	0.32240897	0.41209128	1.798507e-07	0.16368659	1.3644588e-07
priorregion4_spot_27	0.1459843	9.4238345e-07	9.4719553e-07	3.894454e-07	7.232805e-07	1.051375e-06	0.08654394	0.008482245	0.5465063	3.3454458e-07	0.21245565	2.3143504e-05
priorregion4_spot_28	0.08924472	1.6345472e-05	0.052381642	4.0320556e-06	0.102160804	0.027975934	0.024394037	0.0030184377	0.36826804	1.6283032e-06	0.33252257	1.1791874e-05
priorregion4_spot_29	0.17018537	1.0339411e-06	0.08678512	2.5590788e-07	0.055819355	0.026561609	4.728503e-07	0.0021648426	0.458484	1.9013609e-07	1.2371133e-06	0.19999652
priorregion4_spot_30	0.002091862	7.066944e-07	1.386033e-07	5.931821e-07	1.3117201e-05	5.6876394e-07	3.3434816e-07	0.052738518	0.6329732	3.4782042e-07	0.31218022	3.6795217e-07
priorregion4_spot_31	0.014782649	0.004624543	1.1606472e-05	3.577734e-07	0.07076987	0.021697588	0.08032513	0.24000482	0.5677818	8.2696054e-08	4.5362447e-07	1.0859735e-06
priorregion4_spot_32	0.07991053	0.008532939	0.004042211	1.0242244e-05	0.11579571	0.2694016	0.16898659	4.2413802e-07	0.32808426	5.8241785e-08	2.1078908e-07	0.025235195
priorregion4_spot_33	4.1226726e-06	0.0011170018	1.9245398e-07	1.7005821e-07	0.03681644	0.01310039	7.1133295e-06	3.279028e-05	0.94891983	1.0280358e-07	1.1966633e-06	6.884216e-07
priorregion4_spot_34	0.0648659	1.6262254e-06	5.769842e-07	1.251782e-07	2.0783784e-06	2.3482558e-05	0.15208964	0.00964766	0.76946664	6.3718244e-07	0.0039010555	5.60884e-07
priorregion4_spot_35	0.041599788	1.2140637e-06	1.1015168e-06	4.992011e-08	0.00013296238	0.17144327	0.19683446	0.34313896	0.24684787	6.890646e-08	1.7936765e-07	8.8533035e-08
priorregion4_spot_36	0.3236372	4.273971e-07	2.649348e-07	2.2164504e-06	8.711291e-07	4.6111987e-07	5.186605e-07	2.3892128e-06	0.48504138	2.3246821e-07	4.886731e-07	0.19131365
priorregion4_spot_37	0.25244793	0.0061330437	1.6314236e-07	3.6559385e-07	0.12646288	0.042574883	0.012482991	3.27604e-06	0.3514501	1.7578225e-07	0.011001835	0.19744243
priorregion4_spot_38	0.038393572	0.011564525	3.9042405e-07	1.1234285e-07	0.090043224	0.086218745	0.080152676	0.051873058	0.6417525	4.127526e-08	1.0401997e-06	1.5844671e-07
priorregion4_spot_39	0.08587523	7.304605e-07	4.5829987e-07	1.0187743e-07	0.05041728	0.033119634	0.009435126	0.034362756	0.7637762	9.033681e-08	0.021761185	0.0012512988
priorregion4_spot_40	1.1047305e-07	2.7304628e-07	1.1550618e-07	3.055768e-08	0.043139063	6.2672046e-07	2.8150566e-07	0.5570775	0.39978164	4.6398803e-08	1.8832388e-07	6.468213e-08
priorregion4_spot_41	0.024820955	3.9643825e-07	9.8211515e-08	1.2056671e-07	0.069725476	0.052040465	0.054101355	0.43061998	0.3686891	3.8099635e-08	1.8428549e-06	2.551493e-07
priorregion4_spot_42	1.725733e-07	1.2202783e-07	2.1816571e-07	4.9395513e-08	0.018752664	0.021126576	0.06559838	0.013798687	0.603451	1.3081236e-06	0.2772702	5.8689625e-07
priorregion4_spot_43	2.3170285e-06	2.1473475e-07	5.9584718e-08	2.2921805e-08	0.0851461	0.07549605	0.026097862	0.4352234	0.37803298	3.7477395e-08	1.0068103e-06	4.378934e-08
priorregion4_spot_44	0.006698676	4.0449774e-07	3.4905065e-07	0.011205469	0.079439715	0.028087184	0.017033212	0.048243385	0.80929124	5.8846286e-08	2.3780088e-07	7.11176e-08
priorregion4_spot_45	0.047286805	0.012837533	0.012944261	0.0034103044	0.040889706	0.09400003	0.10467394	3.6098843e-06	0.5877548	9.90782e-07	0.01159278	0.08460531
priorregion4_spot_46	0.04173407	2.2954753e-06	1.6739743e-07	2.7909718e-07	0.07000583	0.05873417	0.0396697	0.024246842	0.45268774	2.7690776e-06	0.03938266	0.2735335
priorregion4_spot_47	0.015848465	0.023777047	0.0064994227	9.1269925e-08	0.027888218	0.046709318	0.15076722	9.392776e-08	0.3107394	3.7896237e-07	0.41776988	4.1657609e-07
priorregion4_spot_48	0.0013210528	3.3017233e-07	2.153671e-06	1.2754467e-07	0.013960806	6.59828e-07	0.110776305	0.27712607	0.5878908	6.4200535e-08	0.0034658827	0.0054556374
priorregion4_spot_49	0.34538463	1.7700341e-06	8.279204e-05	0.003063949	0.08933155	0.019491779	0.059966136	1.687856e-07	0.4659511	6.918799e-08	1.615612e-07	0.016725922
priorregion4_spot_50	0.47793764	7.1296176e-07	8.81578e-07	2.9701565e-07	6.142777e-07	6.615096e-07	7.8121775e-07	0.011942508	0.50773704	3.1661068e-07	1.1380922e-06	0.0023773932
priorregion4_spot_51	0.23105234	0.0020655997	3.5160338e-07	6.7414774e-08	0.030872572	0.036044534	0.07975003	0.33125684	0.2889573	4.5244505e-08	9.001414e-08	2.9270873e-07
priorregion4_spot_52	0.088625066	2.8334864e-07	2.7143844e-07	6.926801e-08	0.13155611	8.1261066e-07	5.048551e-07	0.12762353	0.6521919	8.6228184e-08	9.245322e-07	5.2693576e-07
priorregion4_spot_53	0.0026096248	2.9151902e-06	4.1569683e-07	6.972938e-08	0.031888075	0.0445426	0.032137047	0.46691287	0.41639248	8.718953e-08	0.005512984	8.262007e-07
priorregion4_spot_54	0.046283007	3.4874353e-07	1.3514564e-07	3.26897e-07	0.07365647	0.013017001	0.0136292875	0.20668505	0.41343373	9.354315e-07	0.019713359	0.21358031
priorregion4_spot_55	1.2613023e-07	2.8893004e-07	9.008049e-08	0.00031719616	0.012984851	1.7311604e-07	1.4118315e-07	0.9866957	5.9509205e-07	4.8265516e-08	6.5103006e-07	6.7850834e-08
priorregion4_spot_56	0.057003606	4.000839e-05	1.0648739e-06	4.406728e-07	0.054601315	0.02280373	0.008966545	0.33400506	0.32216075	2.215086e-06	0.18248811	0.01792717
priorregion4_spot_57	0.0927663	0.05510053	2.2675038e-05	2.5165073e-07	0.0006391525	0.11041655	0.08048651	0.015092209	0.4526156	4.405129e-07	0.02200345	0.17085636
priorregion4_spot_58	0.037648436	1.2799798e-06	7.577453e-07	1.8704363e-06	0.06400797	0.062464174	0.09365511	0.002883011	0.61193746	6.078851e-07	0.022755364	0.104643956
priorregion4_spot_59	0.09756148	0.015390237	0.05034079	4.4632426e-07	0.15377767	0.08656474	0.0001891837	1.1621652e-07	0.59539735	6.5389074e-08	2.910438e-07	0.00077765813
priorregion4_spot_60	0.36161384	2.1662092e-05	6.387237e-06	2.4179238e-07	0.00772288	0.013376619	0.14895716	3.1856491e-06	0.39947057	3.236665e-07	0.06882514	2.0249317e-06
priorregion4_spot_61	0.15651783	2.018073e-06	3.4605744e-06	1.26049645e-05	9.711955e-07	5.185105e-06	0.014223506	9.654208e-07	0.17383301	0.0023572133	0.2660302	0.38701302
priorregion4_spot_62	0.31075126	5.1744576e-07	1.0449564e-07	5.0656418e-08	0.0323784	0.009873026	8.2214694e-07	0.38991147	0.25708425	3.0582203e-08	5.6430622e-08	6.0126645e-08
priorregion4_spot_63	0.12307672	0.00020256045	1.2863092e-06	2.6843452e-07	0.059537087	0.15749758	0.12852304	0.15605856	0.317393	2.792478e-07	0.0577076	2.0503576e-06
priorregion4_spot_64	0.028413622	0.0024828864	0.007664132	1.1362692e-06	0.07718573	1.6779409e-06	0.031240165	0.21267377	0.6358997	2.4849717e-07	0.0044357213	1.2218187e-06
priorregion4_spot_65	0.15477271	1.4608779e-06	0.071918085	7.63384e-07	0.08142858	0.04040811	0.013884303	0.09535824	0.29489794	5.580308e-07	0.1763773	0.07095202
priorregion4_spot_66	1.5622027e-06	3.2467773e-07	4.4202133e-07	4.070422e-07	6.1024423e-07	8.968649e-07	0.086372726	0.18023369	0.725352	3.14473e-07	1.5637434e-05	0.008021336
priorregion4_spot_67	0.05543625	0.006619693	1.1037033e-07	2.2077295e-07	0.0555258	0.034976058	0.088173434	1.1274686e-06	0.75915116	8.4195456e-08	0.00011530071	7.4375436e-07
priorregion4_spot_68	0.6275815	0.006876155	3.6063874e-08	5.100838e-08	0.03371949	0.017200926	0.07323619	0.023507606	0.21369468	0.004183009	2.0124074e-07	1.0916454e-07
priorregion4_spot_69	0.19056351	4.7563763e-06	9.104245e-08	0.00077907887	0.02957186	0.15422632	0.042958707	0.3888133	0.19128866	2.4729246e-07	3.2437876e-07	0.0017931631
priorregion4_spot_70	0.008712633	0.00041902647	0.006305195	6.953546e-08	0.016585236	0.038577117	0.08792065	0.08492912	0.75655025	5.3788405e-08	4.6801318e-07	9.9492915e-08
priorregion4_spot_71	0.06869066	4.3883654e-07	1.7664034e-07	1.0090841e-07	0.0921428	0.15110572	0.11899005	1.2355517e-07	0.5398709	8.495767e-08	0.029198369	5.962994e-07
priorregion4_spot_72	0.011636896	9.769632e-07	6.764596e-07	0.022270279	1.3254698e-05	0.056117363	0.05893563	1.3243715e-07	2.9459494e-07	3.2097194e-06	0.17168838	0.6793329
priorregion4_spot_73	0.20443976	0.012285722	0.012486363	5.0533714e-07	0.04684202	0.07236868	0.013506693	0.0029964221	0.63159764	2.7490694e-07	2.8574811e-06	0.003473019
priorregion4_spot_74	0.009063462	0.012553236	0.020719193	1.6028099e-06	0.018728603	1.669424e-06	0.13006648	4.0393766e-07	0.17104343	0.0033520525	0.10217503	0.53229487
priorregion4_spot_75	0.110645026	0.0008778015	1.5229834e-07	0.004454021	0.04431066	0.074416436	0.054120198	0.021977007	0.68919826	6.247494e-08	2.3333791e-07	9.070738e-08
priorregion4_spot_76	0.13918895	1.3597996e-06	5.6934537e-06	0.00062869285	0.028942436	0.09329934	4.6621437e-07	5.870286e-06	0.06518246	2.3484401e-06	0.47109738	0.20164502
priorregion4_spot_77	0.039416496	1.946154e-06	5.0456e-07	5.1721423e-07	6.9895486e-06	5.825279e-07	1.2081194e-06	0.70512867	0.25544155	7.484737e-08	2.5381593e-07	1.2927437e-06
priorregion4_spot_78	0.049652282	0.004211772	1.6152543e-07	5.3836708e-08	0.055828333	0.0766633	0.018832967	0.020558959	0.6398268	2.1578445e-07	0.13373598	0.00068918266
priorregion4_spot_79	0.014225625	6.077002e-07	1.3951461e-07	6.96187e-08	0.03125786	0.021011692	0.026790516	0.56293267	0.3437789	6.841811e-08	1.5263798e-06	3.3188675e-07
priorregion4_spot_80	0.050898932	0.0034165876	3.170377e-07	1.2116942e-06	0.08184707	1.1867157e-05	0.012684389	0.48180294	0.23135819	6.054792e-07	0.008856624	0.12912121
priorregion4_spot_81	0.02265043	0.0028826655	1.4514316e-06	1.2866228e-07	0.0078931125	4.1300733e-05	0.03694749	0.6007962	0.32878163	1.3104771e-07	5.0657095e-06	3.9638726e-07
priorregion4_spot_82	0.16417241	1.7567769e-06	6.180546e-07	8.2014736e-08	0.0058347457	0.04601161	0.11001895	0.2038922	0.4700656	7.607267e-08	1.5803292e-06	4.3909228e-07
priorregion4_spot_83	9.5972645e-08	1.4450694e-07	4.6714592e-07	8.859614e-08	4.1748896e-07	2.2519237e-06	0.13376229	0.024164127	0.84206945	6.5091136e-08	2.5671036e-07	3.3355695e-07
priorregion4_spot_84	0.06359139	3.6346876e-07	1.2625414e-06	2.8056755e-07	0.039098665	0.1801073	0.09476305	0.13801064	0.4673171	9.101848e-08	2.0681487e-07	0.017109552
priorregion4_spot_85	0.033028495	8.2603844e-07	1.289627e-07	1.2981175e-07	0.082400315	0.046322268	0.06040985	0.30775544	0.40248087	1.7428994e-07	4.0859104e-06	0.067597464
priorregion4_spot_86	0.0014225825	0.0014150029	2.8745185e-06	5.295662e-08	0.028879358	0.092188634	0.099325605	0.17441425	0.60235035	6.996808e-08	9.690744e-07	2.5305567e-07
priorregion4_spot_87	5.229944e-07	4.5703152e-07	3.7038396e-06	3.0687679e-07	6.133876e-07	8.082736e-07	2.466948e-06	0.6707608	0.3292247	5.169674e-07	4.5942083e-06	5.1004406e-07
priorregion4_spot_88	0.050354682	0.012306856	5.189248e-07	8.412859e-08	0.066611215	0.20408292	0.19262673	0.010508861	0.34734124	1.2960406e-07	0.11616643	3.6265328e-07
priorregion4_spot_89	0.09442627	0.0035047994	6.819542e-07	5.5403757e-06	0.12264786	0.053767707	0.109360516	0.005135716	0.5907115	3.0955388e-07	0.017917832	0.0025213573
priorregion4_spot_90	0.07658966	7.5570966e-07	3.034122e-07	3.9716522e-07	0.18282549	0.030928053	6.8880354e-06	0.047358878	0.66228795	6.341753e-08	7.99298e-07	7.380521e-07
priorregion4_spot_91	0.012452937	2.3739728e-06	1.9969795e-07	5.437042e-08	0.072900146	0.035007723	3.2900016e-06	0.34747216	0.5321565	7.51149e-08	4.2767783e-06	2.1585679e-07
priorregion4_spot_92	0.08050745	0.0035418756	1.7413622e-06	9.69648e-08	0.05447998	0.11499195	0.21241474	3.1803629e-07	0.4303366	1.8633247e-07	9.192653e-06	0.10371589
priorregion4_spot_93	0.09243878	5.2697555e-07	8.8333474e-07	0.002488693	0.052854482	0.028094409	0.09560851	0.2698071	0.23235902	8.9451476e-08	0.016760817	0.20958667
priorregion4_spot_94	0.054298773	3.4689978e-07	2.165469e-06	0.044671457	0.036681406	0.016563337	0.12553553	0.12859167	0.09494881	4.4269743e-07	0.013532389	0.4851736
priorregion4_spot_95	0.31741053	0.00018907478	2.1146818e-06	5.325699e-08	0.0033389996	0.017766865	0.104193926	0.47679842	0.080298744	6.951566e-08	4.1757883e-07	6.882988e-07
priorregion4_spot_96	0.0025333695	4.550034e-07	2.2374928e-07	1.425867e-07	0.086261444	0.027914306	0.08322104	0.029209241	0.77084243	5.093483e-08	1.6996357e-05	3.0912102e-07
priorregion4_spot_97	2.412609e-06	3.4774442e-07	3.7114646e-07	3.3208892e-07	5.6582803e-07	6.736621e-07	2.300758e-06	4.6662146e-05	0.9999452	1.8224127e-07	4.5803182e-07	4.9689703e-07
priorregion4_spot_98	0.2910343	0.006017794	0.010495743	5.482947e-07	0.024452621	0.0057980875	0.12159648	0.0029634198	0.5376379	2.5676098e-07	7.3955323e-07	2.1274848e-06
priorregion4_spot_99	0.0015560349	8.5557656e-07	2.3071819e-07	1.6448443e-07	0.009571247	0.10256997	0.080701314	0.031471323	0.5353687	1.0894545e-06	0.020098587	0.21866053
priorregion4_spot_100	0.013452477	0.00894803	0.0030016813	5.3830252e-08	0.048220687	0.004809563	0.17107497	0.015995495	0.7338423	4.931839e-08	0.00065456924	8.8983505e-08
priorregion4_spot_101	0.01501195	0.03861794	0.0069246776	1.5287718e-07	5.80831e-06	1.8209095e-06	0.06491138	1.3220325e-07	0.5282525	1.5051423e-07	0.3423587	0.00391483
priorregion4_spot_102	7.6816536e-07	7.438306e-07	2.7416996e-07	6.273075e-08	3.6350734e-06	0.0048313653	1.4715519e-05	0.1722877	0.81938356	9.557558e-08	0.0034770132	1.2171054e-07
priorregion4_spot_103	0.2554948	0.022856643	4.18433e-07	2.125606e-07	0.0076509095	0.08562587	0.026960038	0.054606963	0.45115215	9.1239286e-08	0.0003168999	0.09533503
priorregion4_spot_104	0.41023132	0.036615822	0.0046186717	2.1438775e-06	8.144448e-06	0.07332082	0.075856805	0.034059454	0.2002534	4.158453e-07	0.0032385036	0.16179448
priorregion4_spot_105	0.373469	5.3197587e-06	0.0819636	1.420465e-06	1.1023956e-06	0.025810068	0.029806098	0.00012448983	0.48881698	2.4684195e-07	6.526757e-07	1.0297764e-06
priorregion4_spot_106	3.2127704e-07	4.774126e-07	2.4499224e-07	1.17836535e-07	5.0159406e-07	3.7450357e-07	4.248136e-07	0.50908405	0.49091288	9.865798e-08	3.7093807e-07	2.6451661e-07
priorregion4_spot_107	0.006982289	2.88427e-07	6.2996133e-07	4.2699418e-07	0.0012707838	3.819296e-06	0.052117888	0.048296098	0.774448	1.4097806e-07	1.6312966e-05	0.116863206
priorregion4_spot_108	0.040305402	1.018014e-06	7.685351e-07	0.00094060623	0.09347734	0.023847979	0.050879385	0.37268284	0.1400236	1.2724096e-06	0.27783743	2.2709335e-06
priorregion4_spot_109	1.869985e-07	6.209374e-07	8.6386635e-08	5.685325e-08	2.961808e-07	0.040562738	3.5926635e-07	0.61847734	0.14415622	2.59703e-07	0.19680172	1.16575976e-07
priorregion4_spot_110	0.106961265	6.506652e-05	0.09307102	1.9639529e-07	0.03153326	0.015285071	0.052692268	1.306587e-05	0.70037746	9.277664e-08	9.806834e-07	2.1726487e-07
priorregion4_spot_111	0.04617111	0.010138533	1.562336e-07	1.12314005e-07	0.06188626	0.15228948	0.0789515	0.21859258	0.4299876	4.5879105e-08	7.176326e-07	0.0019817704
priorregion4_spot_112	2.7946878e-06	2.3331874e-07	1.3732978e-07	5.541478e-08	4.4274623e-07	4.324956e-07	0.005855948	0.13117068	0.86296314	7.28985e-08	5.9353683e-06	2.1510239e-07
priorregion4_spot_113	0.026182152	2.5520898e-05	1.11168056e-07	3.7111818e-08	0.010098278	1.0732123e-06	6.71498e-07	0.9380818	0.025609003	1.0362723e-07	7.5140497e-07	6.066094e-07
priorregion5_spot_1	0.08444207	3.8265617e-07	7.8199804e-08	1.3917027e-07	0.1435901	0.030098854	0.07336945	0.031079704	0.6366646	1.0309271e-07	4.129229e-07	0.00075403554
priorregion5_spot_2	0.017153192	0.007194574	9.761916e-07	1.4745271e-07	0.08213519	0.1434222	0.17556609	6.089894e-07	0.5726832	6.811396e-08	5.0165215e-07	0.0018432186
priorregion5_spot_3	0.055990502	6.565349e-07	9.7414194e-08	4.79556e-07	0.0071244845	0.031805575	0.043512773	2.023997e-05	0.8479024	1.4425748e-07	0.0031120765	0.010530532
priorregion5_spot_4	0.0017007252	5.017226e-07	1.2921422e-06	1.1377501e-06	0.062518395	0.0067978017	0.056230705	0.03710158	0.83563054	1.0645212e-07	2.47861e-06	1.4876852e-05
priorregion5_spot_5	1.0821141e-07	1.1364913e-07	7.267483e-08	3.1368643e-08	2.2612024e-07	1.601339e-07	1.1068104e-07	0.8724682	0.1275308	4.139992e-08	1.2929934e-07	6.29551e-08
priorregion5_spot_6	2.2419339e-07	6.376456e-07	0.005977955	6.5119747e-07	4.644831e-07	5.7906686e-07	2.7101064e-06	0.2121916	0.78182435	1.3698276e-07	5.7822206e-07	1.3206439e-07
priorregion5_spot_7	0.024895966	5.134405e-07	3.8652337e-07	5.341138e-07	0.07611326	4.8299476e-06	0.026319444	0.03968078	0.8229932	6.311585e-08	1.980014e-06	0.009989053
priorregion5_spot_8	0.044922885	0.013727703	0.0026202742	0.0010595764	0.0657806	0.06919434	0.043988965	0.00011216464	0.7535339	4.618549e-08	1.8231829e-07	0.0050593386
priorregion5_spot_9	0.02053845	2.4769809e-06	1.4329402e-07	0.00024435116	0.092567705	0.036466114	2.7305164e-06	0.34094432	0.50919604	6.813099e-08	3.738092e-05	1.8017069e-07
priorregion5_spot_10	0.04337088	0.0049497536	1.989871e-06	0.00052120286	0.0624432	0.18802546	0.13384373	0.020869026	0.54154825	6.0906935e-08	0.0031875435	0.0012388286
priorregion5_spot_11	0.011152459	2.1864387e-06	1.618273e-05	4.973919e-07	0.035347357	0.003135141	0.107764184	1.142884e-05	0.83339626	1.2730017e-07	0.009173704	3.850262e-07
priorregion5_spot_12	8.107929e-07	2.7730655e-07	7.028726e-08	1.271297e-07	0.0058872234	0.008071309	0.1844512	0.008622774	0.77559966	1.0941437e-07	0.017366221	2.1427812e-07
priorregion5_spot_13	0.025040066	0.011587844	0.004842861	1.2801495e-07	0.07641939	0.112681575	0.23786505	0.0013316671	0.53022486	3.6078987e-08	2.9399216e-06	3.632429e-06
priorregion5_spot_14	1.0819126e-05	1.917742e-07	3.2454912e-07	2.388738e-07	0.060509194	3.2713622e-06	4.641085e-07	0.3542422	0.5852299	3.881815e-08	2.9966009e-06	3.8956506e-07
priorregion5_spot_15	0.024973143	4.9861745e-07	6.214309e-07	1.7057586e-07	0.05517525	0.025706138	0.11093624	0.023354968	0.75438875	3.392388e-07	0.0054620537	1.8262791e-06
priorregion5_spot_16	0.041954506	0.0023284892	2.3283252e-07	5.281343e-07	0.07738684	0.06531954	0.1895072	0.017505586	0.59193915	2.7261999e-07	0.014051941	5.669094e-06
priorregion5_spot_17	0.03330663	0.004718279	0.0009943403	8.1445505e-06	0.078847826	1.7377852e-06	0.0899682	3.7386312e-07	0.79215133	1.0320761e-07	1.6696797e-06	1.3364493e-06
priorregion5_spot_18	0.0010336724	0.13404088	1.2436526e-06	2.5128895e-07	0.012518364	1.1943332e-06	0.08715423	6.244103e-06	0.7584658	4.0430268e-07	0.0067742225	3.476984e-06
priorregion5_spot_19	0.01437202	3.859018e-07	2.0529369e-07	7.498004e-08	8.0751096e-07	0.00010815953	0.13848808	2.1301814e-06	0.8457691	1.2530245e-07	0.0012585376	3.181039e-07
priorregion5_spot_20	0.17702763	0.29178438	0.053980708	8.668947e-07	0.07905703	0.021827413	0.004610485	0.0016939617	0.35553545	0.0070472807	0.0074302983	4.5451375e-06
priorregion5_spot_21	0.053638145	0.20173626	0.000659701	1.467931e-07	0.07073182	0.06658349	0.075463854	0.014939046	0.5026651	2.8461645e-07	0.013576224	6.0066063e-06
priorregion5_spot_22	0.041421942	7.89806e-07	1.6355247e-07	6.5083796e-08	0.08475039	0.011110802	0.10115699	0.006919627	0.74844825	6.430427e-08	0.0030542624	0.0031366395
priorregion5_spot_23	0.02623171	0.20654221	1.497293e-06	1.1950242e-06	6.3886255e-06	0.00011788708	0.03993878	0.026569588	0.7005839	1.2138067e-06	4.2854545e-06	1.2892478e-06
priorregion5_spot_24	0.0031173243	2.7479416e-07	0.0021011084	1.5887814e-07	0.052364063	0.004627528	0.11456604	0.05350566	0.76971716	6.997751e-08	3.273703e-07	1.8434875e-07
priorregion5_spot_25	1.6466608e-07	2.7219377e-07	3.5986437e-07	4.5131344e-08	5.913451e-07	1.0356038e-06	0.03520185	0.5703111	0.38968033	1.2209227e-07	0.0048040263	9.6144674e-08
priorregion5_spot_26	0.08520927	0.19105868	2.1550209e-06	2.5648508e-06	0.06718982	0.14814116	0.15608025	0.0027360502	0.34955433	2.6231805e-06	5.013696e-06	1.8061604e-05
priorregion5_spot_27	0.20377137	0.0012719729	0.1078931	6.676871e-08	0.04338025	0.046385538	0.014450324	0.015931126	0.566916	3.7424424e-08	1.5078193e-07	6.890519e-08
priorregion5_spot_28	0.0649138	1.5133176e-06	1.1898269e-06	3.5897378e-07	0.11440914	0.08620606	0.08102165	0.011650806	0.6337341	6.484133e-08	0.008060368	9.1054443e-07
priorregion5_spot_29	0.074954	0.05937295	5.381426e-07	0.0008084837	0.09087102	0.018529896	0.06746302	0.03656544	0.64463824	5.4800413e-08	0.0067962003	1.3762171e-07
priorregion5_spot_30	0.07262703	1.8838988e-06	4.9693135e-06	3.0975656e-07	0.06543927	0.16954547	0.13056204	0.011579156	0.54048777	3.328231e-07	1.530084e-05	0.009736471
priorregion5_spot_31	0.05217451	2.8810637e-06	4.0310892e-06	2.047207e-07	0.05404512	0.09764139	0.22748056	6.2532235e-06	0.56864035	2.1321195e-07	3.5356081e-06	9.851265e-07
priorregion5_spot_32	0.016848726	1.3327126e-07	9.11796e-08	7.856015e-08	0.033417583	0.009243146	0.1036009	0.028045336	0.80884284	3.2860733e-08	9.568827e-07	2.2987605e-07
priorregion5_spot_33	0.11247457	1.5338156e-07	0.025381476	6.2175934e-07	0.1889288	0.0052905884	5.489788e-07	0.009023648	0.64412427	5.8163664e-08	2.8625504e-07	0.014774862
priorregion5_spot_34	0.104766525	0.29895777	1.4778993e-07	3.7963696e-07	0.13580342	1.527798e-05	0.0364478	0.006610608	0.3835701	0.012306086	0.021520996	9.2999835e-07
priorregion5_spot_35	4.716824e-06	5.7982976e-07	1.014414e-07	6.616991e-08	0.064463586	0.0105694225	1.1319631e-06	0.45066923	0.474289	3.8402906e-08	2.0663656e-06	7.1929264e-08
priorregion5_spot_36	0.0824401	0.026205122	0.002451244	1.4999118e-07	0.088194184	0.09836555	0.0611488	3.3394954e-07	0.61944956	9.49071e-08	1.2722578e-06	0.021743588
priorregion5_spot_37	0.10925957	8.025443e-07	2.9915378e-07	0.00040460812	0.13198702	0.27887994	0.12379526	6.406488e-08	0.33498058	5.5514974e-08	1.2619698e-06	0.020690544
priorregion5_spot_38	0.027331935	0.19711962	6.7579293e-07	4.2541637e-07	0.000485185	6.341707e-06	0.08670266	0.024865245	0.6545859	0.0010943308	0.0078058974	1.7445612e-06
priorregion5_spot_39	0.13879044	0.0714442	0.06444163	3.1419302e-07	0.047407143	0.042663615	0.038709417	0.0036599492	0.58747196	1.5982553e-07	0.00040745683	0.005003669
priorregion5_spot_40	1.9328452e-06	5.863991e-07	1.4720109e-06	1.3923806e-06	1.1620058e-06	4.8212377e-07	3.2121e-06	0.00014973531	0.99983674	4.497143e-07	6.448789e-07	2.2800068e-06
priorregion5_spot_41	0.018580493	1.7565455e-07	5.679646e-07	7.356777e-08	7.8360375e-07	3.849117e-06	0.07044555	0.033652935	0.8770557	4.7192e-08	3.069368e-07	0.00025941856
priorregion5_spot_42	0.032405	3.3623203e-06	2.5695078e-07	4.4389605e-08	0.09301474	0.05246136	5.2373238e-05	0.28108928	0.5399221	5.9602765e-08	0.0010509092	3.8236226e-07
priorregion5_spot_43	6.848083e-07	1.6407333e-07	1.7295383e-07	1.1744249e-07	0.022445373	4.0902833e-06	0.06400665	0.056084048	0.8574574	8.10972e-08	1.0470865e-06	1.5622476e-07
priorregion5_spot_44	0.06170082	0.0135307	1.043254e-07	1.270023e-07	0.046865143	0.085358396	0.12383873	0.016588932	0.6423605	1.07111816e-07	0.009755815	6.3914376e-07
priorregion5_spot_45	0.013761495	0.0001986047	0.0045483713	9.838934e-08	0.06467656	2.0649833e-05	0.095372565	0.0150887575	0.7984971	7.186046e-08	0.0024596516	0.005376019
priorregion5_spot_46	0.12526236	0.20114332	1.3489813e-07	3.2469387e-07	0.10653287	1.3429479e-05	0.0026189003	0.0061043208	0.5367365	0.0014988993	0.02008815	8.177228e-07
priorregion5_spot_47	0.008530355	0.1412598	2.1069505e-07	9.494195e-08	0.06894161	0.055474084	0.15413065	8.9638684e-07	0.5606806	3.9838048e-07	0.010981055	2.0015166e-07
priorregion5_spot_48	1.5975128e-06	0.50078714	5.654299e-07	2.405727e-07	3.783312e-06	1.275948e-06	0.05891776	1.2073414e-06	0.44027847	1.5688647e-07	7.127245e-06	6.450753e-07
priorregion5_spot_49	0.10286782	0.0061122878	9.561711e-07	6.961472e-07	0.12950736	0.010680134	0.07385871	0.0030962888	0.66184723	1.04317614e-07	0.009462391	0.0025660533
priorregion5_spot_50	4.6878786e-06	0.003882357	0.0059740264	3.334072e-08	0.0050958097	4.0141545e-06	0.15627779	0.03540379	0.7933558	6.955396e-08	1.4477896e-06	1.5697336e-07
priorregion5_spot_51	0.003425991	1.4893479e-06	6.509184e-07	1.4761072e-07	0.06402494	0.011548619	0.041597094	0.3276227	0.55177647	1.06805985e-07	1.5228811e-06	2.0221532e-07
priorregion5_spot_52	0.06250379	0.17211872	1.1089135e-07	1.3673784e-07	0.11193717	0.048099063	0.062613465	1.0508718e-06	0.5312978	1.7774443e-07	0.01142811	3.7640604e-07
priorregion5_spot_53	0.038726546	8.986927e-05	1.5326009e-06	1.9018263e-07	0.09890481	0.13537824	0.09905112	0.022762055	0.5998846	7.789606e-08	2.4707665e-06	0.0051984084
priorregion5_spot_54	0.07239928	0.023110908	5.119221e-08	3.5393697e-08	0.12223859	0.14076664	0.025302015	0.0010918946	0.6076029	7.517262e-08	0.007487463	1.1684499e-07
priorregion5_spot_55	0.0938426	4.1632964e-07	2.2611492e-07	1.0880954e-07	0.11369555	0.059752084	0.037178032	0.017508276	0.66671175	7.112416e-08	0.011310416	3.922556e-07
priorregion5_spot_56	0.04499126	8.287593e-07	9.232006e-07	1.5354227e-06	0.07433045	0.03775044	0.09429588	0.016804814	0.7138753	3.5998184e-07	0.017657552	0.00029064793
priorregion5_spot_57	7.446753e-06	0.0066821356	0.0035232438	9.6366314e-08	0.06592035	0.005312878	0.09206783	0.038718075	0.7877671	4.8350927e-08	4.818565e-07	3.02649e-07
priorregion5_spot_58	0.0665019	0.0039838925	3.7676332e-07	1.8393919e-07	6.480645e-05	2.3782322e-06	1.3202034e-06	6.123583e-06	0.9294378	1.3870196e-07	7.5055243e-07	2.8593394e-07
priorregion5_spot_59	0.108580425	0.15368779	0.079846196	8.2962043e-07	9.700256e-07	9.925415e-07	0.029225858	2.3220951e-05	0.6286274	2.4819503e-06	2.9442685e-06	8.46983e-07
priorregion5_spot_60	0.032736912	0.01943939	6.978679e-08	2.6909659e-06	0.14382115	2.118668e-06	0.046915684	1.6910214e-07	0.746358	6.199438e-08	0.004368273	0.0063554505
priorregion5_spot_61	0.06836686	0.37925425	2.3217449e-07	2.847649e-07	0.041585516	4.257039e-06	5.2140996e-07	0.0075086066	0.46134302	7.324014e-06	0.022120835	0.019808285
priorregion5_spot_62	0.01993655	4.892946e-07	1.864463e-07	1.8132906e-07	0.10060623	0.0490691	1.784068e-06	0.05521069	0.7732827	1.6447896e-07	0.0018912699	5.80651e-07
priorregion5_spot_63	0.08616778	0.21651472	9.593934e-07	3.4559167e-07	0.066263065	0.13024874	0.112030454	9.499686e-06	0.37730598	0.0004938341	1.4517997e-05	0.010950074
priorregion5_spot_64	0.033197317	0.0068375743	0.0036769751	1.891845e-07	0.10387973	0.17731866	0.3530113	5.5542092e-08	0.31866437	2.5788573e-08	0.001884673	0.0015291572
priorregion5_spot_65	0.07194525	2.1535881e-05	0.040228322	3.842632e-07	0.05592345	3.9278846e-05	3.3501357e-05	0.31989098	0.51191336	1.1772733e-07	3.4900904e-06	3.384824e-07
priorregion5_spot_66	1.3166115e-06	1.734597e-07	1.7298989e-07	2.0235637e-08	0.018433904	0.032678027	0.057581306	0.38969663	0.50022554	8.321438e-08	0.001382744	4.7115545e-08
priorregion5_spot_67	0.08052512	7.381456e-07	0.044078186	5.9429038e-08	0.05095711	0.030020213	0.007274462	0.30009252	0.48705006	3.1753085e-08	1.4666333e-06	7.658593e-08
priorregion5_spot_68	0.05225665	0.13023417	1.3478663e-06	6.8652975e-07	0.009649029	4.424037e-06	0.0909626	0.02183457	0.6921338	0.00083004514	0.0020902478	2.509296e-06
priorregion5_spot_69	7.7826394e-07	2.5030994e-07	3.0154294e-07	6.616887e-08	0.09215341	0.12702009	1.779628e-05	6.19543e-06	0.7808008	3.5045776e-08	1.5462055e-07	1.0450752e-07
priorregion5_spot_70	0.02459503	0.119058475	5.5857424e-07	8.951864e-08	0.032939028	0.13463585	0.13390286	0.0057417452	0.54734844	5.6534776e-07	0.00039634132	0.001380982
priorregion5_spot_71	3.230027e-07	2.9495808e-07	6.3410323e-07	9.649735e-07	5.590023e-07	6.8632966e-07	9.454167e-05	0.07649973	0.92340106	1.7808104e-07	6.1852006e-07	3.9721962e-07
priorregion5_spot_72	0.072723605	0.031161994	9.3005966e-08	1.1624718e-07	0.14853138	0.08885329	0.043042295	1.2251736e-07	0.58089274	6.386698e-08	0.027465165	0.0073290947
priorregion5_spot_73	0.11466841	0.015001878	2.1149411e-07	1.6426229e-07	0.09032055	0.024937987	0.08675637	2.6153677e-06	0.66164446	3.9143277e-08	6.536502e-07	0.006666551
priorregion5_spot_74	0.0472936	0.025524322	0.006774609	1.9126266e-07	0.060827684	0.17621285	0.014050365	3.5737702e-07	0.66931516	4.4342713e-08	6.209287e-07	2.2659226e-07
priorregion5_spot_75	2.2116541e-07	3.9975922e-07	5.4540436e-07	2.0573823e-07	0.025972662	4.3103278e-06	1.0984576e-05	3.6186234e-06	0.97063154	1.2555316e-07	2.6326254e-07	0.0033750562
priorregion5_spot_76	0.15627865	0.39129454	2.3225411e-07	1.4632579e-07	0.069334336	0.054877333	0.10317823	0.002763615	0.18764894	0.006513872	0.02810988	2.1465075e-07
priorregion5_spot_77	0.018665163	8.155302e-07	2.7984267e-06	5.429493e-07	2.423418e-06	1.2662895e-05	0.09306682	0.055286016	0.8329124	1.814433e-07	4.9340342e-05	8.564418e-07
priorregion5_spot_78	0.17507501	0.0022038613	0.060572807	2.2394738e-07	0.15547551	0.13716392	0.039324015	0.0062143514	0.4195649	5.8831247e-08	2.9990798e-07	0.0044049975
priorregion5_spot_79	1.2636083e-05	3.9330453e-06	1.1369831e-05	8.167942e-06	6.624637e-06	4.9625282e-06	7.680738e-06	3.3356704e-05	0.99989486	2.821517e-06	7.84602e-06	5.695715e-06
priorregion5_spot_80	0.062412158	0.18182462	5.759527e-07	9.749128e-07	0.054728832	5.351941e-06	0.036771435	0.002195765	0.63510346	8.963727e-07	0.014597311	0.012358533
priorregion5_spot_81	0.04459248	4.2524704e-07	7.4281434e-07	8.708258e-07	0.139245	0.00037351716	0.119837776	3.908989e-07	0.6939131	2.0096952e-07	0.002008839	2.665792e-05
priorregion5_spot_82	0.0026273704	1.5525336e-07	4.0036275e-07	1.2488957e-07	1.996149e-06	3.867468e-07	0.055969056	4.123984e-06	0.94139594	6.7424274e-08	1.7798091e-07	2.0842693e-07
priorregion5_spot_83	0.006419343	1.787663e-07	1.2304525e-07	5.1398853e-08	0.09126041	3.1151762e-06	0.0044142585	0.062744	0.8351566	5.809291e-08	1.6184105e-06	2.3731421e-07
priorregion5_spot_84	6.8850835e-07	9.792576e-07	3.0568417e-06	3.121865e-07	1.0004549e-06	1.0694246e-06	1.1580586e-06	0.05104824	0.94894105	5.2010506e-07	1.1846427e-06	7.6067033e-07
priorregion5_spot_85	0.055664614	1.3558103e-05	3.3441736e-07	1.4806002e-07	0.12047361	0.14577752	0.16151384	0.007144842	0.5007868	6.6380515e-08	8.8076075e-07	0.008623809
priorregion5_spot_86	0.09063219	0.16551606	2.0126436e-07	4.6731492e-07	0.054394316	8.070602e-06	0.08436464	0.0017474175	0.5613226	0.0010784075	0.03779875	0.0031368132
priorregion5_spot_87	0.10428718	0.19216831	0.009269779	1.1804967e-07	0.08495927	0.062483083	0.026580619	0.055555455	0.43889678	0.0001427249	0.025656115	6.0408127e-07
priorregion5_spot_88	0.070314035	0.14248404	1.8330192e-07	2.4603045e-07	0.00018208087	6.2715037e-07	2.19885e-06	0.42886984	0.35813808	3.8512867e-06	4.4616904e-06	3.9425427e-07
priorregion5_spot_89	0.030917455	5.487311e-06	6.906968e-07	8.609517e-07	0.058029253	0.037421886	0.07602584	1.372332e-06	0.7862933	1.1805577e-07	0.011295987	7.696598e-06
priorregion5_spot_90	0.008361048	2.9855423e-07	5.2944515e-08	4.376468e-08	0.06191446	0.056708302	0.07907048	0.012404707	0.78153366	4.6625654e-08	6.8554373e-06	1.08691005e-07
priorregion5_spot_91	0.025945019	5.72513e-06	0.0068974583	9.955684e-07	0.051075228	0.15447775	0.06108843	0.037369393	0.66214806	3.1064354e-07	1.1797839e-06	0.0009905191
priorregion5_spot_92	0.03557683	0.2304311	0.007906022	0.0017386703	0.032473605	0.0009006435	0.051246364	2.5096307e-07	0.6249725	1.9524126e-07	0.0147534	4.4424584e-07
priorregion5_spot_93	0.0046630856	2.8717935e-07	1.13217396e-07	4.6626056e-08	0.035965983	0.046956997	2.582522e-07	0.36931497	0.5411706	7.593023e-08	0.0019274276	1.3281367e-07
priorregion5_spot_94	0.032204792	9.3105825e-07	2.5136583e-07	4.372058e-07	0.08632183	3.0774356e-06	2.1125057e-05	0.035454005	0.8459896	1.1829732e-07	1.7742827e-06	2.0219118e-06
priorregion5_spot_95	0.026904454	6.215579e-07	0.0072554844	3.326938e-07	0.09909098	5.3703405e-07	0.0952947	2.2426569e-07	0.7446557	4.002907e-08	8.578252e-07	0.026796067
priorregion5_spot_96	0.05068543	1.3333717e-07	2.17117e-07	9.600612e-05	0.12446075	0.014749508	2.5534504e-07	0.0063098874	0.8036972	6.1943645e-08	1.812841e-07	1.7725212e-07
priorregion5_spot_97	0.101533175	0.0026514842	2.5081332e-07	1.3379486e-07	0.120842844	0.1705918	0.03032604	8.745361e-07	0.5611	1.2207198e-07	0.012952812	4.5039596e-07
priorregion5_spot_98	0.011826305	2.8252134e-07	1.26284e-07	6.873235e-08	0.10053247	7.740346e-06	9.685896e-07	0.06149479	0.82013947	6.747646e-08	0.0059969286	7.237217e-07
priorregion5_spot_99	0.03884308	1.3573168e-07	5.8206208e-08	6.142473e-08	0.17008096	2.0209757e-06	0.081169516	0.09015653	0.619114	6.516323e-08	0.0006331603	3.7000154e-07
priorregion5_spot_100	0.084786765	0.19948323	0.0065923207	3.441987e-07	0.026791641	0.15973286	0.07357482	3.8070914e-06	0.4443531	1.1707741e-06	7.0904787e-07	0.004679231
priorregion5_spot_101	0.053047013	8.532913e-07	2.7966394e-07	1.7294784e-07	0.080858156	4.0322934e-06	0.0692838	4.4052044e-06	0.78691804	9.155351e-08	4.7864596e-06	0.009878397
priorregion5_spot_102	1.2558471e-06	1.7528312e-06	3.2380588e-06	6.908172e-07	1.4825757e-06	1.7863422e-06	9.095472e-06	3.9316246e-06	0.9999724	8.880284e-07	2.5179597e-06	9.0515096e-07
priorregion5_spot_103	0.06690253	0.20858553	2.2440875e-07	2.0628678e-07	0.066164605	0.013626375	0.040609796	0.01690453	0.58380175	9.621623e-07	0.0034028096	7.0028943e-07
priorregion5_spot_104	0.13036314	5.3358362e-06	0.059274692	1.803006e-07	0.07036512	0.08546589	6.043504e-06	0.015195179	0.63932335	7.1517434e-08	8.3671824e-07	1.9860458e-07
priorregion5_spot_105	0.073083945	5.8135715e-06	1.0773545e-06	9.661413e-08	0.13653909	0.12371484	0.10598816	5.478135e-07	0.55118144	6.883759e-08	1.6826425e-05	0.00946807
priorregion5_spot_106	0.12145855	3.2899034e-06	0.057494614	4.7419908e-07	0.036680326	0.051888257	0.06872077	0.006104181	0.6565922	3.3845407e-07	0.0010559442	1.0569365e-06
priorregion5_spot_107	0.020862732	5.3905154e-07	1.1793645e-06	1.4163848e-07	0.06524507	6.7493147e-06	0.12858553	0.023051487	0.7622348	8.8140915e-08	1.07990845e-05	8.923027e-07
priorregion5_spot_108	0.022552473	1.5681596e-07	2.8880507e-07	5.9079906e-07	0.045766182	0.059750143	0.00344289	0.0025519584	0.846574	9.971085e-08	6.6832615e-07	0.019360477
