	B	CCL5.CD8T	CCR7.CD8T	CD14.Mono	CD4T	DC	FCGR3A.Mono	NK	Platelet
priorregion1_spot_1	0.07961479	0.025610358	0.084226936	0.0955961	0.0059484676	0.4777593	0.04345651	0.18778752	3.12478e-08
priorregion1_spot_2	0.058120273	1.0531866e-06	0.00014660298	0.26716346	0.22466975	0.44548312	0.003675487	2.078875e-06	0.000738167
priorregion1_spot_3	0.0786069	0.092492595	4.7039808e-07	1.4645774e-07	1.6588058e-06	0.29826662	0.032438435	0.49819317	2.34651e-08
priorregion1_spot_4	0.09089931	0.035337143	0.0042894515	0.19969755	0.024514461	0.4124249	0.039002147	0.19197693	0.0018581105
priorregion1_spot_5	0.08314794	8.767882e-07	0.058422968	0.2508769	0.10435335	0.49203432	0.011163217	1.3211397e-07	4.626194e-07
priorregion1_spot_6	6.474943e-07	0.13920109	2.114604e-06	1.949622e-07	0.2022341	1.1276036e-07	3.121885e-07	0.65856135	5.6263826e-08
priorregion1_spot_7	0.0570258	0.024948174	0.14317088	0.10565484	0.045602866	0.4147392	0.030420229	0.17753983	0.0008982112
priorregion1_spot_8	0.05246642	1.1433223e-07	0.081403665	0.33763048	0.12001938	0.40744424	2.8685154e-06	4.322989e-08	0.0010327391
priorregion1_spot_9	2.3172437e-07	0.23049782	2.225112e-05	0.005594023	0.0037871208	2.9592968e-07	3.7578565e-07	0.7600979	1.7919454e-08
priorregion1_spot_10	0.1342181	0.010695742	6.0203456e-07	1.3536411e-06	0.12434678	0.4560947	0.019167213	0.25509328	0.00038229028
priorregion1_spot_11	0.0911557	0.14028771	0.0073717874	0.011248255	0.073958695	0.4536941	0.0475577	0.17322357	0.0015024445
priorregion1_spot_12	0.10315092	0.037960377	2.0577483e-05	0.11451412	0.03719386	0.47221747	0.06664954	0.16829312	1.3231045e-07
priorregion1_spot_13	9.615317e-07	0.0849718	4.4456718e-07	5.4361873e-08	0.23226398	2.0324198e-07	0.0056561586	0.67675847	0.00034791286
priorregion1_spot_14	0.21927008	2.779338e-05	0.00016675238	0.113686554	0.108349115	0.48832974	0.0637674	0.006402319	2.2126105e-07
priorregion1_spot_15	0.067373425	0.055856932	0.0107413465	0.14672051	0.12787452	0.3539574	0.021023361	0.21645248	3.5339674e-08
priorregion1_spot_16	0.043037422	0.077036634	0.0063793287	0.106323205	0.11255732	0.31395474	0.04430923	0.2964018	3.5501637e-07
priorregion1_spot_17	0.0033857361	0.1260116	1.6387723e-06	8.95136e-07	0.27824405	0.24527703	0.03622604	0.3102675	0.000585512
priorregion1_spot_18	0.06090269	0.0554585	0.070765756	0.12174819	0.1534265	0.35185567	0.0030133892	0.18215892	0.00067038444
priorregion1_spot_19	0.049548123	5.488327e-05	0.06123567	0.10325382	0.14716443	0.37306282	0.028203433	0.23737338	0.00010342657
priorregion1_spot_20	0.07718238	0.003546523	0.17193362	1.5625115e-07	8.051002e-06	0.50609064	0.048797924	0.19244066	1.3886884e-08
priorregion1_spot_21	0.0932627	0.0048393444	6.105558e-05	0.1335986	0.15610054	0.43798798	0.040588148	0.13356146	1.8999036e-07
priorregion1_spot_22	0.12159218	0.10897946	0.0042759357	1.4582214e-07	1.5007116e-05	0.48966482	1.6308182e-06	0.27427876	0.001192037
priorregion1_spot_23	0.085498676	0.003277456	0.013942454	0.114218056	0.14592388	0.41970396	0.023455456	0.19274963	0.0012304224
priorregion1_spot_24	0.019701686	0.10212784	0.15393126	0.045355257	0.0066507403	0.3820047	0.03927049	0.25053275	0.00042522443
priorregion1_spot_25	0.015598764	0.05907759	0.04354645	0.070978776	0.13616349	0.36994657	0.05195205	0.25151813	0.0012181738
priorregion1_spot_26	0.09547675	0.08368043	0.0012256388	3.3384565e-06	0.059790723	0.4448897	0.032269344	0.28266415	2.2714024e-08
priorregion1_spot_27	0.1352987	0.08249723	0.055612817	8.5608535e-06	0.021216642	0.51070887	0.05367404	0.14098296	1.6722535e-07
priorregion1_spot_28	0.16233596	1.5867005e-07	0.077045724	0.14452386	0.08652239	0.49271727	0.03685454	7.848583e-08	1.3372912e-08
priorregion1_spot_29	0.060710147	0.027403701	8.495437e-06	0.119632095	0.12560906	0.42324466	0.03417431	0.20921749	9.638614e-08
priorregion1_spot_30	0.04263376	0.0103752725	0.16968136	0.061114717	0.05321219	0.3506338	0.0306692	0.2812096	0.00047010297
priorregion1_spot_31	4.0622643e-07	0.14387462	0.1473371	0.022354499	1.0942141e-06	0.13951458	0.041006263	0.5048738	0.0010376394
priorregion1_spot_32	0.030965226	0.15767834	0.101129726	0.085319586	0.17951812	0.10411471	3.6891905e-07	0.3412738	5.1184845e-08
priorregion1_spot_33	0.06934942	0.12791455	0.00050158537	0.03131713	0.019487789	0.44141093	0.027491234	0.282527	2.8255693e-07
priorregion1_spot_34	0.028786069	0.18111047	2.7409133e-06	0.071871296	0.0014628605	0.31700712	0.036904678	0.36285466	1.104167e-07
priorregion1_spot_35	0.034086183	0.16497242	0.017496215	2.4239448e-06	0.059368458	0.285377	0.028212635	0.4104846	1.0428669e-07
priorregion1_spot_36	0.062717676	0.009015316	1.1167704e-06	0.10692597	8.867812e-05	0.499591	0.027897257	0.29376292	8.617401e-08
priorregion1_spot_37	0.06271925	0.07668024	1.0663844e-05	0.05248281	0.063348174	0.38186738	0.040922355	0.32196906	5.490669e-08
priorregion1_spot_38	0.05083827	0.075776994	0.028850988	0.05991391	0.15681706	0.33909252	0.033114016	0.2555962	5.7210798e-08
priorregion1_spot_39	0.01509929	0.09409942	1.2484728e-05	0.0182426	0.020022023	0.28577834	0.013762957	0.5529828	6.628353e-08
priorregion1_spot_40	2.8056154e-05	0.24827257	0.0016706998	0.01433758	0.05437331	0.061678436	0.0017708987	0.6178684	8.017361e-08
priorregion1_spot_41	0.09060283	0.07081451	6.455701e-06	0.052382585	0.07446211	0.4522018	0.051071614	0.20810136	0.0003566749
priorregion1_spot_42	0.077321716	0.053753067	0.026028363	0.11450866	0.033651967	0.45323226	0.03157959	0.20992431	1.0330249e-07
priorregion1_spot_43	0.06785705	0.10623772	0.056376945	2.32447e-06	0.007873013	0.39884952	0.022006195	0.33949777	0.0012995217
priorregion1_spot_44	0.11824715	1.2420449e-07	0.23384114	0.12357891	0.016339606	0.5028636	0.0043314276	6.617234e-08	0.0007979391
priorregion1_spot_45	0.08045432	0.030288288	0.111201026	1.700413e-07	5.465975e-07	0.44508657	0.022638101	0.30796292	0.0023680248
priorregion1_spot_46	0.05027157	0.12200713	0.031803876	0.008651978	0.057147454	0.3359401	0.05431885	0.33982423	3.4796965e-05
priorregion1_spot_47	0.021436775	0.09227928	0.06833091	0.15310389	0.121561095	0.29365742	0.015415094	0.23383605	0.00037955173
priorregion1_spot_48	0.005230866	0.21843024	0.048172593	0.08600665	0.025228383	0.14404242	0.007266589	0.46476838	0.00085389207
priorregion1_spot_49	0.08902222	0.10570976	0.0017322289	0.013408654	0.041856773	0.4353953	0.054133084	0.2587419	1.3755744e-07
priorregion1_spot_50	0.04515233	0.056744695	0.17075548	0.015906662	5.6414752e-05	0.37192118	0.04094353	0.29781532	0.0007042422
priorregion1_spot_51	0.016743766	0.13062336	0.050042387	0.13880289	0.1105298	0.3083523	1.0945614e-05	0.24440637	0.00048825197
priorregion1_spot_52	0.026678434	7.4696654e-06	4.4690933e-06	0.1470832	0.13367161	0.3037785	0.05532994	0.33344635	1.3363022e-07
priorregion1_spot_53	0.021619808	0.076797485	0.03426351	0.19215049	0.125488	0.33194667	1.1384174e-05	0.21629423	0.0014283624
priorregion1_spot_54	0.058010735	0.037648257	0.041251283	0.074161574	0.11703075	0.37684485	0.02979992	0.26525253	9.9948096e-08
priorregion1_spot_55	0.09372193	0.040354695	4.912025e-05	1.791668e-05	0.032919742	0.444072	0.04689434	0.34197012	9.554859e-08
priorregion1_spot_56	1.5129228e-06	0.25667083	1.8037315e-05	6.085047e-07	9.933058e-05	1.8236072e-07	0.0022440448	0.7409655	2.809197e-08
priorregion1_spot_57	0.1358958	0.098307244	2.7963088e-05	1.523902e-07	0.026293354	0.4963509	2.270254e-06	0.24197166	0.0011505858
priorregion1_spot_58	0.021056745	0.16895421	0.0002187545	0.027049413	0.09467647	0.24188554	0.02921113	0.4167754	0.00017229568
priorregion1_spot_59	0.051817633	0.18768676	0.039976683	8.9969325e-07	0.060737915	0.29901478	0.015568948	0.34519634	4.28006e-08
priorregion1_spot_60	0.074561365	6.1436816e-07	3.3309075e-07	0.22069295	0.13318123	0.4925311	0.04382687	0.03520555	2.6361676e-08
priorregion1_spot_61	0.026045635	0.17845781	0.016658992	1.1381175e-06	0.00022041121	0.3413386	0.03762167	0.3988454	0.0008103667
priorregion1_spot_62	0.046091914	0.09686122	0.012271595	0.031098234	0.17534488	0.3540703	0.02544792	0.25771967	0.0010942507
priorregion1_spot_63	0.038128637	0.078487545	0.08070203	0.11080289	0.0954152	0.37653214	0.017726999	0.20220393	5.9869814e-07
priorregion1_spot_64	0.049895033	0.19519858	3.0206766e-06	0.03803689	0.07420544	0.25206068	0.02082129	0.36977902	1.6032436e-08
priorregion1_spot_65	0.016479827	0.065542005	8.0857235e-06	0.09863249	0.09483827	0.39982986	0.04014468	0.28452474	5.3040466e-08
priorregion1_spot_66	0.06151601	0.18291493	6.019392e-05	2.210615e-07	7.7850535e-05	0.2741205	1.743324e-06	0.4798363	0.0014722163
priorregion1_spot_67	0.14196874	0.09994913	0.026227074	2.0037577e-07	0.087526634	0.47285888	0.024166882	0.14730246	1.801987e-08
priorregion1_spot_68	0.063026704	0.062106647	0.18621516	1.2192038e-06	2.108283e-05	0.29292336	0.037986804	0.3573922	0.00032685354
priorregion1_spot_69	0.044443198	0.035690382	0.00029056016	0.12792982	0.21475509	0.3063401	0.0055676103	0.26461983	0.0003634034
priorregion1_spot_70	0.027221484	0.22364746	0.042879894	0.003560897	0.00031154472	0.23348264	0.017133573	0.4517624	3.115648e-08
priorregion1_spot_71	0.1219644	0.048833005	0.059688628	7.839954e-06	0.08141369	0.46666312	0.05197252	0.16945682	1.5039937e-08
priorregion1_spot_72	0.10284155	0.05618978	1.1271272e-06	0.07559273	0.11070667	0.46235827	0.041145768	0.15116413	1.3393197e-08
priorregion1_spot_73	0.118718766	0.084603526	0.030094035	0.010013156	0.12863389	0.4801189	0.044488594	0.103329115	1.6121893e-08
priorregion1_spot_74	0.06563006	0.059590477	0.01870143	8.206676e-06	0.08846831	0.4855978	0.047395177	0.23287423	0.0017344079
priorregion1_spot_75	0.10069051	1.2580035e-05	0.0007926952	0.26077858	0.1053304	0.5045389	0.027853657	2.6377486e-06	1.4033347e-07
priorregion1_spot_76	0.052622817	1.10407534e-07	0.06270806	0.26750928	0.13331884	0.46005434	0.023361465	6.2234e-08	0.00042495612
priorregion1_spot_77	0.029054834	0.004084512	0.025150258	8.165277e-07	0.11882483	0.41744664	0.042467237	0.36297083	2.2661306e-08
priorregion1_spot_78	0.033776324	0.094576195	0.15731977	0.10868743	1.1312571e-06	0.4250549	0.021738602	0.15828533	0.00056027033
priorregion1_spot_79	0.04393832	0.06675808	0.06374021	0.13354258	0.025494436	0.43539813	0.037458703	0.19296262	0.00070686056
priorregion1_spot_80	0.06637831	1.6727367e-05	0.18520701	0.1957746	0.015593042	0.3860021	0.0001263338	0.15033472	0.0005671945
priorregion1_spot_81	0.074212916	0.03870477	5.8222923e-07	0.027778076	0.11993233	0.4557208	0.045801632	0.23773909	0.00010974821
priorregion1_spot_82	0.00015513564	0.06836818	0.083735	0.12829068	0.25110844	0.2331596	2.596882e-07	0.23518273	7.41607e-08
priorregion1_spot_83	0.06071749	0.1626288	0.033969976	0.016701717	0.069438316	0.42713636	0.031120783	0.19662003	0.001666481
priorregion1_spot_84	0.063370675	0.028541388	0.06272667	0.13007985	0.12733825	0.34323147	0.02261738	0.22209436	4.0608047e-08
priorregion1_spot_85	1.0273119e-05	0.09217011	0.2192099	2.9864252e-06	2.4648616e-06	0.3369704	0.06632317	0.2841975	0.0011132711
priorregion1_spot_86	0.116637744	0.000116013645	0.052942302	0.055643246	0.082603976	0.45863754	0.0635799	0.16983925	9.0433296e-08
priorregion1_spot_87	0.04282126	0.00015916236	0.16361634	0.12123476	0.06419569	0.36768386	0.02406191	0.21543	0.00079688325
priorregion1_spot_88	0.13932925	0.002637087	0.07215919	0.032508418	0.066357955	0.5219616	0.05409687	0.110949524	3.6030464e-08
priorregion1_spot_89	0.028820857	0.10066339	0.052440125	0.027763586	0.11794053	0.3907489	0.034912683	0.24670997	4.2870628e-08
priorregion1_spot_90	0.11249066	0.10352542	0.07070108	4.3894893e-06	0.031439137	0.46175835	0.03504598	0.18503498	3.2389348e-08
priorregion1_spot_91	0.03016221	1.3085044e-06	0.095491745	0.16798075	0.1138055	0.23653692	8.632633e-07	0.3540315	0.0019892629
priorregion1_spot_92	0.015607006	0.05656546	0.15423305	0.18808194	0.035849128	0.31532335	2.7788988e-06	0.23329602	0.0010413101
priorregion1_spot_93	0.10652696	0.011873411	5.6453333e-05	0.07749702	0.1607169	0.4506172	0.04742162	0.14529029	1.2444517e-07
priorregion1_spot_94	8.030623e-07	0.24525747	2.2099795e-07	2.8246143e-07	3.6802674e-06	8.0649204e-07	0.014607249	0.7401295	2.5119132e-08
priorregion1_spot_95	0.064315654	0.092081375	0.19997808	0.026799068	0.0011474001	0.4037178	0.035062436	0.17630248	0.00059568876
priorregion1_spot_96	0.10510701	2.200332e-06	0.14580768	2.9237378e-07	0.08497635	0.44083712	0.029845055	0.19342428	2.5129951e-08
priorregion1_spot_97	0.05098504	0.108778775	0.00013036256	0.03238417	0.049365677	0.38425088	0.044845346	0.3277094	0.0015503939
priorregion1_spot_98	1.765909e-05	0.2149732	0.027921934	0.020244524	0.1111333	0.110015556	1.875555e-06	0.515487	0.00020490839
priorregion1_spot_99	0.091447674	0.039984923	0.07252863	0.11099384	0.037625004	0.4683845	0.023458937	0.15290134	0.0026751626
priorregion1_spot_100	0.067931384	0.012855381	0.03954107	0.24801458	0.08605519	0.44251293	0.00015302245	0.10208533	0.0008510534
priorregion1_spot_101	0.11304288	0.110433154	0.008123938	2.2702547e-07	0.14801472	0.43708566	0.02623405	0.15706535	2.0249512e-08
priorregion1_spot_102	0.021180382	0.013258767	0.09458257	0.21289998	0.10711174	0.3548112	0.014367017	0.18178824	1.272544e-07
priorregion1_spot_103	0.03661705	0.043538388	0.12116547	0.056808013	1.8292256e-05	0.33119968	0.03683795	0.37336555	0.00044954405
priorregion1_spot_104	0.036658023	0.15053776	0.045173615	0.057843074	0.045284834	0.3176866	0.03233979	0.3140984	0.00037792022
priorregion1_spot_105	0.05784254	1.6215241e-05	0.20983052	0.061611976	0.0075846855	0.37489775	0.042905316	0.24425304	0.0010579483
priorregion1_spot_106	0.083975025	1.678302e-05	2.7628253e-06	0.039403692	0.12300004	0.46943587	0.06280945	0.22135633	8.162214e-08
priorregion1_spot_107	0.00028709057	0.019201599	5.9697044e-07	0.07555427	0.24089158	0.34648755	0.025848694	0.29093695	0.0007916654
priorregion1_spot_108	1.5087061e-05	0.16470982	0.031434424	0.088085696	4.0574992e-05	0.20540822	0.021393798	0.48831812	0.0005942572
priorregion1_spot_109	0.00023074547	0.097970404	0.07004898	0.12305501	0.10211865	0.25778344	0.00042422643	0.34836787	6.663643e-07
priorregion1_spot_110	0.006721586	6.725539e-08	0.21882875	0.3120577	1.4369196e-07	0.43759102	0.023634411	1.00898816e-07	0.0011662007
priorregion1_spot_111	0.030517377	1.1414004e-06	0.22940238	0.2078995	1.4593596e-05	0.3758519	0.0051760715	0.15023361	0.000903467
priorregion1_spot_112	0.18008526	0.046323042	0.09018439	0.00018980812	0.025082145	0.5269941	0.032314435	0.0979939	0.0008329989
priorregion1_spot_113	0.01225333	0.1786112	5.7883603e-06	0.06360373	0.2153434	0.105612054	0.0065044593	0.41610998	0.0019560915
priorregion1_spot_114	0.022311946	0.060075875	1.8358324e-06	0.06497595	0.18978174	0.38822213	0.03977549	0.2326758	0.0021792925
priorregion1_spot_115	0.07400044	0.068363994	0.023280557	0.09418823	0.035933938	0.47310197	0.043468546	0.18766198	3.3471954e-07
priorregion1_spot_116	0.030992676	4.0227573e-07	2.3264236e-05	0.15818204	0.25108323	0.37260976	0.023522282	0.16157788	0.0020085122
priorregion1_spot_117	0.07272097	0.024659213	0.14568791	0.027495712	1.3690912e-05	0.41771334	0.04976431	0.2610186	0.00092623575
priorregion1_spot_118	0.057052072	0.07896718	0.042408623	0.056131214	0.021744687	0.5109396	0.027595527	0.20277748	0.0023836205
priorregion1_spot_119	0.13561973	5.5891155e-06	0.18338564	0.12892324	0.00029041342	0.48511595	0.029954303	0.03618237	0.0005228401
priorregion1_spot_120	0.025705563	0.042360645	0.15718666	0.22434233	8.2680035e-06	0.2828465	1.7431332e-06	0.2675483	2.9574787e-08
priorregion1_spot_121	4.8812433e-07	0.040119123	0.32279038	0.08762961	3.932141e-07	0.26418054	0.05484746	0.2286043	0.0018277235
priorregion1_spot_122	2.4974415e-07	0.16393517	1.8062448e-06	5.477834e-08	3.2482506e-06	3.659388e-08	0.005140328	0.8302776	0.0006414491
priorregion1_spot_123	0.040765576	0.19320476	7.4363925e-05	0.04263743	0.03820204	0.3093656	0.019250855	0.3564993	1.3454145e-07
priorregion1_spot_124	0.005786464	0.16448805	0.017622102	0.06443721	0.21762387	0.09062808	4.0601575e-05	0.43937337	2.2750781e-07
priorregion1_spot_125	0.06479813	0.14357406	0.0048117833	1.3282663e-07	0.07844327	0.352195	4.1289007e-07	0.35544497	0.0007322536
priorregion1_spot_126	0.10612566	1.1815268e-07	0.106068395	0.18001196	0.11235799	0.4954302	5.646106e-06	4.9042725e-08	4.9558825e-08
priorregion1_spot_127	0.03220428	0.07261159	0.029946253	0.17873213	0.11415085	0.38395575	0.0058539086	0.18254513	7.935641e-08
priorregion1_spot_128	0.039658275	0.1515315	0.07976815	1.8530449e-07	9.958867e-07	0.4279186	0.015252823	0.283668	0.002201399
priorregion1_spot_129	0.09356465	0.1844172	0.000120629455	1.14184225e-07	0.027351592	0.43222603	3.1456878e-07	0.2609433	0.0013762094
priorregion1_spot_130	1.0241689e-06	2.6017365e-06	0.033712707	0.098610334	0.22209217	0.2857173	8.9329023e-07	0.35986274	2.0100643e-07
priorregion1_spot_131	0.08309902	6.191716e-06	6.377208e-07	0.025315052	0.1612296	0.508621	0.047074653	0.17374153	0.00091231085
priorregion1_spot_132	0.10594296	8.1567157e-07	0.013117852	0.08889914	0.067972474	0.55928576	0.04775135	0.11702966	2.8682123e-08
priorregion1_spot_133	5.9320104e-05	0.23545112	1.6067589e-06	1.9885465e-06	0.05699124	0.23162769	0.040756766	0.4335418	0.0015684817
priorregion1_spot_134	0.025443148	0.026612846	0.19786671	0.14124459	2.0473093e-05	0.39909342	0.028844548	0.17921814	0.0016561287
priorregion1_spot_135	0.059242584	0.035591986	0.038187478	0.23408079	0.07962968	0.3951374	0.00017619786	0.15721738	0.00073641277
priorregion1_spot_136	0.07318798	0.023172257	0.03426879	0.16061445	0.15905505	0.43776196	0.007593294	0.104346156	4.8374154e-08
priorregion1_spot_137	0.029316317	1.4722323e-06	0.13558581	0.25838947	0.19403349	0.3038442	4.2804044e-07	0.07882872	5.597581e-08
priorregion1_spot_138	0.04331192	0.08588551	0.10602039	0.078039914	0.05351717	0.332701	0.03797452	0.2625494	8.757629e-08
priorregion1_spot_139	0.13466337	0.008809547	0.038309503	0.086502835	0.120692104	0.47763702	0.045210484	0.08738702	0.0007882164
priorregion1_spot_140	0.14114316	0.019408057	0.0001112099	0.06870731	0.10267912	0.5322779	0.040220678	0.09545263	2.8476617e-08
priorregion1_spot_141	0.0896278	0.07475672	0.0013092981	0.08752686	0.04291673	0.42506188	0.02851645	0.25028408	1.679555e-07
priorregion1_spot_142	0.04974002	3.520368e-05	0.08221979	0.14655863	0.07126782	0.39501235	0.027110385	0.22801319	4.2700092e-05
priorregion1_spot_143	0.0046617254	0.092614025	0.066686444	0.23287795	0.14521442	0.3219862	1.1703995e-06	0.13595805	4.7837396e-08
priorregion1_spot_144	0.045302197	0.00872274	0.15846762	0.12883437	0.0036702498	0.48586804	0.024715247	0.1426842	0.0017352791
priorregion1_spot_145	0.0191648	0.06084743	0.2395204	0.11824976	0.018691927	0.2377883	0.017822776	0.28699893	0.0009156016
priorregion1_spot_146	0.040015336	0.042931285	3.552486e-06	0.10238458	0.030040054	0.45383984	0.046314314	0.28447053	5.459791e-07
priorregion1_spot_147	0.030181736	1.104722e-06	5.650319e-07	0.06984381	0.23921736	0.369682	0.05568535	0.23448141	0.00090669905
priorregion1_spot_148	0.0271188	0.070687294	0.18171562	0.06286632	0.00033753758	0.37926492	0.029308423	0.24767995	0.0010211122
priorregion1_spot_149	0.11342859	0.03256765	0.040370613	0.090643145	0.075056635	0.49356356	0.029537816	0.124552116	0.00027995522
priorregion1_spot_150	0.13176312	2.7349208e-05	0.11292253	0.03062166	6.54282e-05	0.50223523	0.066875495	0.15519738	0.00029183738
priorregion1_spot_151	0.052332234	0.12733215	0.058303684	0.03345479	0.1035204	0.25286612	0.0265901	0.34560034	7.512205e-08
priorregion1_spot_152	6.1453775e-08	0.25101262	1.2888565e-07	3.1903745e-08	1.0690953e-07	3.6355665e-08	7.0229866e-08	0.74579936	0.0031875977
priorregion1_spot_153	0.034542207	0.0958023	0.0890868	0.016793564	0.07055307	0.35356838	0.0010924934	0.3378234	0.0007378027
priorregion1_spot_154	0.051159002	0.1253687	0.087168515	0.19586706	0.035758007	0.23972423	5.5677185e-07	0.26262537	0.0023285688
priorregion1_spot_155	0.047673576	0.09458457	5.865362e-07	0.020981496	0.031898186	0.5173729	0.045444902	0.2420437	4.2556014e-08
priorregion1_spot_156	0.06979604	0.111436136	0.012530883	0.13214906	0.07008233	0.35571933	0.008623301	0.2396629	6.873745e-08
priorregion1_spot_157	1.847856e-05	3.1350949e-06	2.3686569e-06	0.24012288	0.18257137	0.31844863	0.0721656	0.18666743	1.0759748e-07
priorregion1_spot_158	0.065722935	0.047111128	0.08333267	3.869365e-05	0.14081624	0.43713042	0.02666965	0.1991782	2.6049229e-08
priorregion1_spot_159	0.1004836	0.013902489	0.0030823036	0.11705675	0.1661727	0.3773057	0.025482228	0.19637857	0.00013564956
priorregion1_spot_160	0.004930842	5.690371e-06	0.032447882	0.08238812	0.1789607	0.48046046	0.012821202	0.20798495	5.480883e-08
priorregion1_spot_161	0.05012622	0.03176182	0.14468886	0.09393908	6.374195e-05	0.35483578	0.024664136	0.29924205	0.0006782914
priorregion1_spot_162	0.017477218	0.019631341	0.05420565	0.101387866	0.1818742	0.3999225	0.019648114	0.20553315	0.00032003288
priorregion2_spot_1	1.528139e-05	2.209046e-07	0.016967852	0.6990525	0.04151147	0.11861242	0.12210676	6.8042816e-08	0.0017334895
priorregion2_spot_2	8.706802e-06	8.406031e-07	8.8462036e-07	0.5279453	2.0323325e-06	0.15042591	0.31593195	0.005683615	7.8733245e-07
priorregion2_spot_3	0.0003870634	1.592306e-07	8.9989345e-07	0.80993426	1.8632487e-06	2.0153839e-05	0.18965526	2.568821e-07	9.36634e-08
priorregion2_spot_4	0.0023999312	5.6753593e-06	0.050982475	0.74947536	1.1653241e-06	0.040259227	0.15687579	2.3620758e-07	8.364905e-08
priorregion2_spot_5	3.025005e-07	1.9566207e-07	0.14142264	0.80198944	4.985102e-07	0.052985746	1.279044e-06	1.2225534e-07	0.0035996782
priorregion2_spot_6	0.005466423	1.0174489e-06	3.3753556e-06	0.5070801	1.9993719e-05	0.110613905	0.37552598	1.4626154e-06	0.0012877109
priorregion2_spot_7	0.0054897666	5.651158e-06	1.531553e-05	0.615203	0.006107475	0.080111966	0.29243004	4.2483293e-06	0.00063260336
priorregion2_spot_8	0.037671715	1.8235494e-07	4.2894912e-06	0.61092716	0.08988987	0.094785154	0.16672134	1.4315475e-07	1.299686e-07
priorregion2_spot_9	0.013929904	9.87559e-07	0.023624325	0.64393866	2.4632713e-05	0.07265015	0.24583095	1.8920667e-07	2.1292257e-07
priorregion2_spot_10	7.7976265e-06	2.068554e-07	1.6297734e-05	0.80671954	0.005805844	0.08152648	0.09844224	1.1717142e-07	0.0074814064
priorregion2_spot_11	0.040713586	1.7029824e-07	0.002016544	0.73225033	8.675681e-07	0.08074387	0.14309488	5.625253e-08	0.0011796481
priorregion2_spot_12	0.009545521	0.039775155	0.042840183	0.85418445	0.05365086	2.4345043e-06	8.341646e-07	1.6961287e-07	3.7601802e-07
priorregion2_spot_13	0.009728323	6.549877e-07	0.02074639	0.67909765	0.06239294	0.0828404	0.14519341	6.706438e-08	1.025304e-07
priorregion2_spot_14	2.9103163e-07	1.3760787e-07	7.1696377e-06	0.9560429	0.043906607	2.457385e-05	1.8196044e-05	6.387409e-08	9.069264e-08
priorregion2_spot_15	0.02253296	5.5425847e-08	4.915362e-07	0.710161	2.8910517e-07	0.12858203	0.13872322	3.9686626e-08	8.601406e-08
priorregion2_spot_16	0.014963105	9.737622e-07	4.1240994e-05	0.6177662	0.049669772	0.15403368	0.16352461	2.1852497e-07	2.697877e-07
priorregion2_spot_17	2.654752e-07	0.010884016	0.028049886	0.91244537	0.0037256218	0.040302623	4.239888e-06	5.196616e-07	0.0045874096
priorregion2_spot_18	1.1759066e-06	5.377105e-07	5.5312516e-06	0.96224177	0.002365073	0.03518787	0.00019643792	1.5792758e-06	1.1685571e-07
priorregion2_spot_19	0.00961521	6.6217075e-07	1.6479713e-05	0.9044317	3.1427671e-06	0.05505761	0.029301675	0.0015727835	8.600325e-07
priorregion2_spot_20	0.047895215	1.1945345e-07	1.3970787e-06	0.8621228	7.2293933e-06	0.028384503	0.061588623	7.181158e-08	2.129861e-08
priorregion2_spot_21	3.5201845e-06	1.7168927e-07	0.00011866491	0.76733595	2.3629636e-05	0.010720455	0.22179735	1.6283823e-07	1.4020642e-07
priorregion2_spot_22	0.0022421798	3.1019047e-07	0.023245893	0.7838016	1.687655e-05	0.02092304	0.168208	0.0015614758	6.8068294e-07
priorregion2_spot_23	0.027351351	3.980057e-06	0.060275666	0.60521764	0.00032059022	0.12270937	0.18324687	9.530876e-07	0.000873567
priorregion2_spot_24	0.012488752	3.555122e-07	3.7795592e-06	0.97458565	0.012918028	2.4417454e-06	6.1155475e-07	3.5969225e-07	6.2434744e-08
priorregion2_spot_25	3.4339926e-06	2.8515228e-07	0.0031281405	0.6925806	0.10480147	0.09446866	0.10501704	9.0480654e-08	2.8830283e-07
priorregion2_spot_26	0.008527679	8.969174e-06	0.00028158145	0.52503514	0.00035054493	0.1489153	0.3168762	1.0102925e-06	3.5259416e-06
priorregion2_spot_27	0.025731348	8.90423e-06	0.0012683128	0.56830895	0.0002020649	0.1526661	0.2518124	1.3194174e-06	6.4960693e-07
priorregion2_spot_28	1.179388e-07	1.0641877e-07	0.13079524	0.8691384	6.4177446e-05	1.3266833e-06	5.3252774e-07	4.7054804e-08	2.8035997e-08
priorregion2_spot_29	0.003949386	2.3748231e-07	5.0375525e-06	0.7718081	0.12050189	0.03845649	0.065278485	7.069042e-08	2.736407e-07
priorregion2_spot_30	4.5518055e-07	1.9719357e-07	0.15804149	0.7254572	0.024995618	0.08956862	9.098249e-07	1.4463808e-07	0.0019353742
priorregion2_spot_31	2.565239e-07	1.5540854e-07	0.030650316	0.94302464	6.8155896e-07	0.02627928	4.4533706e-05	6.377766e-08	4.7905047e-08
priorregion2_spot_32	0.0055750436	1.623812e-07	0.026937278	0.8703112	0.05487078	0.042225163	7.7450306e-05	6.76223e-08	2.827152e-06
priorregion2_spot_33	0.00050915586	2.5501188e-07	3.2996438e-06	0.5389055	2.205917e-06	0.09217773	0.36840168	7.989702e-08	6.141277e-08
priorregion2_spot_34	0.008594877	3.6336058e-07	1.1116676e-05	0.8530662	1.3711299e-06	0.077787265	0.05998423	3.4126776e-07	0.00055424613
priorregion2_spot_35	0.017008115	1.279546e-07	1.2928258e-05	0.9670707	5.3636353e-07	4.7408562e-07	7.6118104e-06	0.0015756978	0.014323827
priorregion2_spot_36	4.1084927e-06	2.3346581e-07	2.514705e-05	0.84863055	0.0019328031	0.024133451	0.12527345	5.7174656e-08	1.5114094e-07
priorregion2_spot_37	0.018833514	1.3512687e-07	0.037151538	0.87648433	0.06039966	3.1691877e-06	0.007127655	6.970264e-08	3.2073448e-08
priorregion2_spot_38	2.8826616e-07	8.609512e-07	2.732592e-07	0.76665086	1.2100984e-05	1.1320033e-05	0.23332402	1.850234e-07	1.0217316e-07
priorregion2_spot_39	0.006373312	0.0007602407	1.0602221e-07	0.5653183	2.8656439e-06	0.11089731	0.31490374	0.0017441264	4.8662113e-08
priorregion2_spot_40	9.813274e-05	3.7834932e-06	0.020681968	0.5186175	0.06801972	0.14284304	0.24973294	1.4858268e-06	1.4335958e-06
priorregion2_spot_41	4.219689e-06	1.2576172e-07	0.08109646	0.83189625	0.003716785	0.083095364	0.00010322659	1.6941792e-07	8.7284345e-05
priorregion2_spot_42	0.0005200555	0.007200221	2.2310087e-06	0.85980135	0.00025404638	0.075793505	0.055692315	5.641924e-07	0.0007357638
priorregion2_spot_43	3.6657622e-07	1.2383202e-06	0.038527228	0.8170024	0.0032905804	0.062412135	0.078765884	6.680718e-08	6.911235e-08
priorregion2_spot_44	4.8214866e-07	8.7418687e-07	8.355187e-06	0.7516683	0.0050105206	0.0847617	0.15854819	7.2185895e-07	7.772103e-07
priorregion2_spot_45	0.013969231	2.1341185e-07	0.10702216	0.7181901	0.0011113655	0.01450298	0.14108074	0.004123251	7.7603026e-08
priorregion2_spot_46	0.0099334605	1.4766033e-06	5.7717766e-06	0.7599509	0.053335875	0.04356969	0.13282853	1.9184546e-07	0.00037412925
priorregion2_spot_47	0.015020129	8.4159586e-07	1.6077387e-05	0.59856755	0.08604865	0.10119934	0.19914642	2.0567434e-07	7.5396787e-07
priorregion2_spot_48	1.4374095e-05	4.5645962e-07	4.1642517e-05	0.8168614	0.05206896	0.06332327	0.066756	2.6198052e-07	0.0009335962
priorregion2_spot_49	0.00371722	1.2488844e-07	0.1394386	0.8297252	6.791921e-06	0.027109468	2.5137656e-06	7.6099866e-08	5.334687e-08
priorregion2_spot_50	1.2795696e-06	1.2521251e-07	7.52826e-07	0.8057515	0.021977779	0.06892254	0.10334561	2.325793e-07	1.9203426e-07
priorregion2_spot_51	7.5578887e-06	2.241147e-07	0.12268867	0.6474532	0.002661718	0.11676331	0.11042427	8.927308e-08	9.09058e-07
priorregion2_spot_52	2.5160315e-07	0.00023417774	0.040863853	0.90422803	1.3706131e-06	5.61596e-07	0.05467148	2.8086825e-07	1.7446677e-08
priorregion2_spot_53	0.027748503	1.7353706e-07	0.03968154	0.8436144	0.011720749	3.966492e-05	0.07719478	1.1631918e-07	6.647412e-08
priorregion2_spot_54	0.23477452	1.9306961e-07	9.574694e-08	0.72358483	1.41228e-07	1.0709109e-06	0.041639045	5.9600033e-08	2.1219934e-08
priorregion2_spot_55	0.011397022	8.107613e-08	0.15981986	0.8049239	2.4686003e-06	9.164644e-06	0.023847474	4.8954536e-08	1.9323458e-08
priorregion2_spot_56	5.4510724e-07	1.4119321e-07	0.016649982	0.85532504	0.06499043	0.06284051	0.00019300067	1.6153123e-07	1.5887399e-07
priorregion2_spot_57	6.0215502e-06	1.17654146e-07	7.223493e-06	0.88293916	0.008181128	0.06959549	0.039270636	7.8461234e-08	8.775444e-08
priorregion2_spot_58	0.11531128	2.9162584e-07	0.0020122814	0.7570661	2.379641e-06	0.03134248	0.094265096	5.4473094e-08	3.419363e-08
priorregion2_spot_59	4.2062366e-06	2.2375134e-07	6.811582e-07	0.8400098	1.5512804e-06	3.7203856e-05	0.15994613	1.0607981e-07	4.036223e-08
priorregion2_spot_60	0.07498292	8.108143e-06	4.0163663e-06	0.6736482	0.000245561	0.08100013	0.1701105	3.6899823e-07	1.7835178e-07
priorregion2_spot_61	0.0053328634	2.5812145e-07	0.05960815	0.69337976	4.3224067e-05	0.08431195	0.1573235	1.1568975e-07	2.5591086e-07
priorregion2_spot_62	5.955545e-06	3.400037e-07	9.335916e-06	0.735247	0.062454052	0.11043575	0.091847375	5.6990526e-08	1.5832262e-07
priorregion2_spot_63	0.00959828	0.060924612	2.2356155e-06	0.75921196	1.9516181e-05	0.04576984	0.12447336	1.1991432e-07	1.632567e-08
priorregion2_spot_64	0.019120585	8.836578e-08	0.035285417	0.9210977	8.880409e-06	0.024475731	1.17036225e-05	4.167858e-08	2.1128924e-08
priorregion2_spot_65	2.125479e-07	1.2289412e-07	8.693738e-07	0.68318677	0.062978216	1.7398175e-06	0.25383213	3.1027046e-08	1.9853188e-08
priorregion2_spot_66	5.1412353e-05	7.619691e-08	0.02839785	0.91173434	2.1981878e-06	0.059468597	0.00034546378	7.048885e-08	2.480229e-08
priorregion2_spot_67	1.9656916e-07	1.1986963e-07	8.132801e-07	0.8583136	0.13648234	6.2911374e-07	5.2492464e-06	0.0051948624	2.2607503e-06
priorregion2_spot_68	1.4160165e-07	2.2017264e-07	1.05321815e-05	0.9843377	1.1711016e-05	5.5244273e-06	0.015634077	6.209433e-08	3.745889e-08
priorregion2_spot_69	0.020225467	2.2986013e-07	0.051848374	0.81718504	0.030920202	7.851427e-05	0.07974187	8.0871374e-08	2.5610797e-07
priorregion2_spot_70	8.702423e-05	2.3368036e-06	0.036439437	0.6290397	0.016197277	0.14648992	0.17174198	1.0487324e-06	1.2325595e-06
priorregion2_spot_71	0.01053275	6.212712e-07	0.09674343	0.5726682	0.05199297	0.12637725	0.14168431	2.003227e-07	1.7079687e-07
priorregion2_spot_72	0.004385919	1.240887e-06	1.6436145e-05	0.75594103	1.9284438e-05	0.07617881	0.13064878	0.032808468	1.0117039e-07
priorregion2_spot_73	0.060412962	3.0008525e-07	0.023769552	0.69536793	0.021976698	0.07112536	0.12647933	1.3689962e-07	0.000867815
priorregion2_spot_74	2.1740034e-06	2.731621e-07	2.2198363e-05	0.8461202	0.03819231	0.069574274	0.045286212	4.369725e-07	0.00080191385
priorregion2_spot_75	4.4485023e-06	2.4341247e-07	9.31885e-06	0.7156634	1.08080985e-05	0.08951266	0.19479713	1.4802411e-07	1.8925524e-06
priorregion2_spot_76	0.014706429	6.951766e-07	2.8146314e-06	0.69046694	7.1215095e-06	0.12219798	0.17258017	1.5582766e-07	3.77998e-05
priorregion2_spot_77	0.030909983	3.4596114e-06	0.0046133483	0.5332985	0.055308647	0.13975497	0.23610859	8.88177e-07	1.6021431e-06
priorregion2_spot_78	0.02942581	5.8375394e-07	2.859762e-07	0.7858987	7.3683965e-05	0.04258552	0.14201401	1.3264388e-06	1.0768845e-07
priorregion2_spot_79	3.26179e-06	3.265979e-07	0.07761323	0.64285094	0.00170042	0.049852666	0.22797889	8.84934e-08	2.2070036e-07
priorregion2_spot_80	1.993722e-05	4.599989e-07	4.169567e-05	0.67762494	0.07113605	0.07347049	0.17770615	6.8618526e-08	1.5731132e-07
priorregion2_spot_81	6.3963707e-06	1.3046231e-07	0.0005317007	0.6586167	0.06251004	0.07749261	0.19552477	0.0053171474	4.1375395e-07
priorregion2_spot_82	1.053409e-06	2.0350573e-07	0.053594578	0.8350453	1.2089203e-06	0.07170418	0.03961824	8.406906e-08	3.5185465e-05
priorregion2_spot_83	7.5107386e-07	1.5647414e-07	0.051473074	0.94644356	7.3126257e-06	5.5872515e-06	3.1443558e-06	0.0020662919	5.184395e-08
priorregion2_spot_84	0.025506241	7.5090064e-08	2.4979497e-06	0.7773552	0.054348096	0.14259087	0.00019696214	5.4417534e-08	1.9646938e-08
priorregion2_spot_85	0.012689591	6.5597453e-07	0.047473293	0.60001963	0.049132053	0.08058066	0.21010311	6.4463784e-08	8.95042e-07
priorregion2_spot_86	1.9758573e-07	1.2742235e-07	0.071860276	0.92813367	4.372843e-06	3.9234078e-07	8.8748504e-07	5.253457e-08	3.2817738e-08
priorregion2_spot_87	1.5686139e-06	2.3994497e-07	0.010743032	0.8531263	0.01361363	0.04109277	0.06564805	8.8682825e-08	0.015774341
priorregion2_spot_88	4.0775564e-07	1.8470183e-07	0.033612497	0.82866013	0.00016103117	0.062043592	0.07381223	9.368875e-08	0.0017098867
priorregion2_spot_89	5.8138517e-06	1.1790305e-07	0.07691634	0.70697284	0.0037663102	0.073453896	0.138883	3.5923854e-08	1.614427e-06
priorregion2_spot_90	7.159908e-05	9.412368e-08	0.075906195	0.92392904	5.290632e-06	6.740476e-05	2.0290006e-05	3.701971e-08	2.8702791e-08
priorregion2_spot_91	1.4148408e-05	4.7027984e-07	4.7968035e-07	0.68124825	0.05991025	0.06339391	0.19543034	2.0469906e-06	5.2589673e-08
priorregion2_spot_92	2.279084e-06	2.1990864e-07	0.04177499	0.8416628	0.06466837	0.042027686	0.009863448	1.007712e-07	1.4077676e-07
priorregion2_spot_93	3.9783578e-07	9.0230635e-08	0.029799268	0.72879267	1.27757085e-05	0.104257986	0.13276467	6.063279e-08	0.0043719355
priorregion2_spot_94	0.00012694638	1.897153e-07	0.04697209	0.90609384	0.024721852	5.5482695e-05	0.0031697757	1.4811835e-07	0.018859698
priorregion2_spot_95	0.041438032	1.843115e-07	0.029307973	0.67760897	1.4661625e-06	0.076884575	0.17475858	1.3810197e-07	2.4114582e-08
priorregion2_spot_96	1.45139065e-05	2.3678368e-07	0.056466095	0.78487563	0.04166332	0.046457943	0.07052162	5.373834e-07	6.790738e-08
priorregion2_spot_97	0.009782496	1.2250875e-07	0.023840638	0.79894876	0.078594394	0.07863183	0.009057817	6.7319604e-08	0.0011438107
priorregion2_spot_98	0.002893208	0.0016416741	8.2672915e-07	0.9833258	0.0074323523	4.0698043e-05	1.081061e-05	0.0046546543	7.9671075e-08
priorregion2_spot_99	0.020592237	1.5865027e-07	0.010979794	0.75050354	5.7870602e-05	7.814826e-06	0.21785781	7.946192e-07	1.6028222e-08
priorregion2_spot_100	0.02070335	1.0343755e-07	0.029114034	0.8547494	6.511626e-05	0.008290569	0.0870774	9.2649096e-08	2.9262482e-08
priorregion2_spot_101	1.216055e-07	7.957985e-08	0.004597761	0.9847672	4.505188e-06	1.3110549e-06	4.965083e-06	1.0482985e-07	0.010624084
priorregion2_spot_102	0.007817302	1.8335156e-07	0.11395514	0.82485104	0.040799383	0.01257205	4.5106553e-06	8.860219e-08	2.1426177e-07
priorregion2_spot_103	2.984019e-06	3.9419405e-07	9.9877245e-05	0.75368136	0.0056664343	0.039620962	0.18704632	1.2289408e-07	0.013881501
priorregion2_spot_104	0.009932618	2.0600574e-07	0.0020621538	0.7485675	0.08723659	0.05941356	0.092786714	7.315312e-08	5.8412735e-07
priorregion2_spot_105	1.7073394e-07	1.3477941e-07	0.057689603	0.93724126	2.174228e-06	8.0669315e-06	0.000948511	5.6201152e-08	0.004110018
priorregion2_spot_106	0.012013167	1.9159158e-07	0.04452099	0.7421592	1.9588739e-05	0.042793028	0.1578751	7.484553e-08	0.000618669
priorregion2_spot_107	5.0932367e-06	1.8465123e-07	0.05300358	0.80890393	0.01928173	0.0839076	0.034897342	1.7594255e-07	4.2249397e-07
priorregion2_spot_108	0.0043168743	3.5777518e-07	0.0975099	0.6500871	0.06741686	0.11643808	0.063336216	6.249481e-08	0.00089441007
priorregion2_spot_109	0.043754473	3.068795e-07	5.3015603e-05	0.8436739	0.009248302	0.031194925	1.5073301e-06	0.07207294	7.0001863e-07
priorregion2_spot_110	1.7850358e-07	9.327491e-08	0.07268544	0.8531323	5.710618e-07	6.2096647e-06	0.07417514	5.8401856e-08	3.052353e-08
priorregion2_spot_111	0.031566687	4.4531666e-06	0.078407094	0.5085165	0.00013293407	0.15460125	0.22676927	1.294568e-06	5.773145e-07
priorregion2_spot_112	0.03838009	1.1783816e-05	7.524048e-07	0.6054703	1.0902129e-05	0.09011087	0.2618119	0.004203348	1.4180746e-07
priorregion2_spot_113	0.010075362	8.8843976e-08	1.587438e-05	0.88151217	3.6180455e-07	0.04118236	0.06721364	1.3690494e-07	4.1343927e-08
priorregion2_spot_114	0.029935574	8.568244e-07	0.00026101433	0.58336127	3.7578004e-05	0.14446254	0.24194093	1.00342504e-07	1.4297142e-07
priorregion2_spot_115	7.967032e-06	1.2935054e-07	0.06992701	0.8821686	0.00012234277	0.00024972926	0.047523256	1.3920724e-07	8.873849e-07
priorregion2_spot_116	6.6699425e-07	1.8268292e-07	0.022069901	0.8728332	0.010260004	0.09400063	0.00083519483	1.06296966e-07	1.466037e-07
priorregion2_spot_117	0.031672418	2.8117867e-07	1.4538095e-07	0.8296472	0.029743465	0.095929176	0.0047793505	0.008227883	5.0670597e-08
priorregion2_spot_118	0.00788683	3.6630308e-07	0.0044155684	0.71481794	0.038535155	0.1321877	0.093140945	8.588445e-08	0.009015364
priorregion2_spot_119	0.0017629708	1.8014671e-07	0.038495746	0.86151963	0.06780721	0.008437296	0.021976849	1.0136487e-07	4.023362e-08
priorregion2_spot_120	1.8095e-07	9.104029e-08	9.154045e-06	0.86407846	0.10131703	2.9023104e-06	0.031638917	0.002502685	0.00045052913
priorregion2_spot_121	0.112545334	1.1730093e-07	0.012719879	0.7958485	2.2884667e-06	4.9974937e-05	0.07883368	6.6412966e-08	8.458425e-08
priorregion2_spot_122	1.1278799e-07	1.7614688e-07	0.13206263	0.8647205	0.003209343	3.566187e-06	3.5696044e-06	6.3931886e-08	5.449588e-08
priorregion2_spot_123	9.962469e-07	6.359599e-08	4.500264e-07	0.76152563	1.114864e-06	0.02040496	0.21806663	4.4914014e-08	5.967971e-08
priorregion2_spot_124	0.024084046	1.191979e-07	5.3722175e-07	0.7677783	0.043454718	0.056810576	0.09071792	9.287247e-08	0.017153636
priorregion2_spot_125	6.685352e-05	6.560424e-07	0.008584043	0.6725963	0.056816347	0.09738219	0.16455276	3.1778816e-07	6.5548653e-07
priorregion2_spot_126	4.406717e-06	1.383117e-07	9.737791e-06	0.85754627	0.08567641	0.05674767	1.5006158e-05	1.0014052e-07	2.333424e-07
priorregion2_spot_127	0.01016828	3.0699258e-07	5.428423e-07	0.8306743	0.10929108	2.0171152e-05	0.04984483	1.01287284e-07	3.9059597e-07
priorregion2_spot_128	0.02068054	2.2965106e-07	1.3538918e-05	0.9611067	0.016483763	1.0055395e-06	9.860371e-06	8.309341e-08	0.0017042208
priorregion2_spot_129	2.718968e-07	2.232185e-07	0.006429302	0.96468574	0.024029708	9.4415225e-07	0.0048533934	3.9327213e-07	2.0786956e-08
priorregion2_spot_130	0.0013839318	1.5383762e-07	0.036455445	0.7462727	0.02645045	0.07390941	0.11552757	1.8787185e-07	1.3030925e-07
priorregion2_spot_131	4.7014936e-07	2.3537045e-07	0.06886452	0.92294264	5.3338454e-06	0.0058697327	7.2186876e-06	8.1384044e-08	0.0023097598
priorregion2_spot_132	4.0107357e-06	5.444302e-07	0.011832495	0.8237005	6.400106e-05	0.07315296	0.09088982	7.74374e-08	0.0003556251
priorregion2_spot_133	0.0044269124	1.09968965e-07	0.030697286	0.8096933	0.04001186	0.031972557	0.08319793	3.8274823e-08	7.564043e-08
priorregion2_spot_134	3.7222248e-06	1.5223098e-07	3.7907619e-06	0.8130875	0.12873134	0.04272771	0.014358524	8.376887e-08	0.001087202
priorregion3_spot_1	0.048230175	0.11216914	0.48021418	0.011063181	0.24396868	0.019578917	0.011887772	0.07055661	0.0023313873
priorregion3_spot_2	0.002529146	0.99409705	0.00023361637	5.724641e-06	0.0030890803	1.6599362e-05	5.859631e-06	1.6111826e-05	6.803975e-06
priorregion3_spot_3	0.04588355	0.12512602	0.55394274	0.019413002	0.14452362	0.031637114	0.017011983	0.058888823	0.003573172
priorregion3_spot_4	0.031859383	0.045095947	0.67571896	0.0048039053	0.19535546	0.012655892	0.004416488	0.027597079	0.0024970172
priorregion3_spot_5	7.659449e-05	6.8679285e-05	0.9989515	6.154926e-06	0.0008598501	1.94099e-05	5.9198105e-06	1.0989622e-05	8.165056e-07
priorregion3_spot_6	1.4098958e-05	3.3582106e-05	0.92617995	2.4236176e-06	0.0001426765	4.4081316e-06	5.6956037e-06	6.430148e-06	0.07361078
priorregion3_spot_7	3.9174847e-05	8.088713e-05	0.9996049	1.1799981e-05	0.00021794734	1.7372504e-05	1.0310983e-05	1.3755591e-05	3.8520348e-06
priorregion3_spot_8	0.016136978	0.062921576	0.4712994	0.016048824	0.39773297	0.0060955957	0.023082346	0.006170431	0.0005118461
priorregion3_spot_9	0.03943485	0.14821297	0.5829155	0.0054443376	0.19433095	0.007597317	0.008350956	0.011638685	0.0020745283
priorregion3_spot_10	0.0707433	0.08100949	0.4836978	0.013637771	0.2888628	0.016738752	0.014612701	0.026430922	0.0042664474
priorregion3_spot_11	0.010723841	0.0392221	0.8757889	0.0044092597	0.046128284	0.0052441093	0.0038098234	0.013495087	0.0011786311
priorregion3_spot_12	0.13713898	0.03921282	0.21301311	0.007492706	0.30366367	0.28053123	0.006038567	0.01160253	0.001306348
priorregion3_spot_13	3.0040637e-05	0.00012339384	0.989438	3.855297e-05	6.717049e-05	0.010244337	2.859236e-05	2.785476e-05	2.0931732e-06
priorregion3_spot_14	0.026814198	0.0494822	0.7933173	0.010089816	0.07669505	0.0136214215	0.011422616	0.013800202	0.004757141
priorregion3_spot_15	0.00026401173	0.00024075723	0.99854785	3.5328194e-05	0.000752912	5.8479403e-05	2.6436373e-05	6.6127264e-05	8.034767e-06
priorregion3_spot_16	4.3724838e-05	8.4854146e-05	0.00078845746	2.6416214e-05	0.00022491506	1.3093273e-05	0.99878705	2.7633881e-05	3.9589363e-06
priorregion3_spot_17	0.07599033	0.10228191	0.4605958	0.034372956	0.17664593	0.073542766	0.0417882	0.030772664	0.0040095043
priorregion3_spot_18	3.6832647e-05	4.378804e-05	0.99817866	9.0667e-06	0.0016780917	1.448415e-05	9.739591e-06	2.5833495e-05	3.572081e-06
priorregion3_spot_19	0.05332931	0.040753435	0.13961558	0.06719253	0.623101	0.019353198	0.03400521	0.019186756	0.0034628562
priorregion3_spot_20	0.21697815	0.18329482	0.25796804	0.026143396	0.21970937	0.023880126	0.020092662	0.04761923	0.0043141977
priorregion3_spot_21	0.00028487935	0.2685904	0.00017768338	9.071169e-07	0.7309394	2.1951105e-06	8.958786e-07	2.5684842e-06	1.0778635e-06
priorregion3_spot_22	0.00015775513	0.00021804174	0.0014583543	0.42911202	0.0007788976	8.801192e-05	0.56807977	8.036264e-05	2.6702952e-05
priorregion3_spot_23	0.05843603	0.06559405	0.19708197	0.007416386	0.622325	0.01782952	0.011676785	0.017895207	0.0017450643
priorregion3_spot_24	0.022719776	0.96238595	0.0077023706	9.380711e-05	0.003008668	0.0038522528	8.422789e-05	0.00012255421	3.0392446e-05
priorregion3_spot_25	0.059830002	0.0931265	0.327354	0.0501077	0.2449797	0.042784106	0.15232517	0.025615284	0.003877434
priorregion3_spot_26	2.2507998e-05	5.862203e-05	0.9997058	3.2964215e-06	0.00017847754	4.7739063e-06	2.4246983e-06	2.2907536e-05	1.2745113e-06
priorregion3_spot_27	0.07117596	0.06746696	0.63009906	0.00978896	0.16246001	0.019322764	0.0128907915	0.023942702	0.002852848
priorregion3_spot_28	0.06721824	0.22369395	0.34632254	0.011723339	0.22748795	0.019232221	0.014111604	0.08617521	0.0040348596
priorregion3_spot_29	9.48211e-05	0.00037464622	0.9844029	7.1797476e-05	0.014660488	0.000119258504	0.00020647437	6.3689855e-05	6.0135867e-06
priorregion3_spot_30	2.404107e-05	1.7824228e-05	0.6655745	4.504912e-06	0.3343621	6.7597994e-06	4.6017076e-06	4.7805374e-06	9.012016e-07
priorregion3_spot_31	0.027263084	0.039576337	0.7343919	0.009964143	0.13067847	0.021429667	0.0197361	0.015371602	0.0015886861
priorregion3_spot_32	2.6279502e-05	5.005535e-05	0.99908113	8.393882e-06	0.00078153634	1.2602174e-05	1.3863003e-05	2.3827119e-05	2.3707883e-06
priorregion3_spot_33	0.089898005	0.12752129	0.37726998	0.02540853	0.26135084	0.032502986	0.026233016	0.04467356	0.015141721
priorregion3_spot_34	0.026377253	0.06940033	0.68781805	0.017204689	0.124052934	0.033505503	0.026306365	0.014564472	0.00077052094
priorregion3_spot_35	2.184608e-05	0.07706612	0.92269325	5.8351725e-06	0.0001180266	6.1094242e-06	1.1046475e-05	7.401318e-05	3.8478242e-06
priorregion3_spot_36	0.018717855	0.12563016	0.70774984	0.0043999073	0.09130346	0.00664481	0.0030971775	0.04167422	0.0007825821
priorregion3_spot_37	2.5192844e-06	5.7823763e-06	0.38938996	2.0667987e-06	0.53907806	1.0091358e-06	0.07151814	1.788618e-06	6.706998e-07
priorregion3_spot_38	5.928507e-06	3.301346e-05	0.8490326	3.878198e-06	0.15087102	2.126599e-06	1.0160007e-05	4.1582643e-06	3.7025915e-05
priorregion3_spot_39	1.1295678e-05	0.07686077	0.0026294517	2.3376774e-06	0.92048866	4.396829e-06	8.6703494e-07	1.9391855e-06	3.3680175e-07
priorregion3_spot_40	0.03508136	0.042313047	0.7664828	0.014045988	0.07971832	0.022211883	0.021801058	0.013510592	0.0048349495
priorregion3_spot_41	0.045906287	0.044914573	0.7030078	0.00882427	0.15405619	0.017995637	0.011153041	0.011966149	0.002176079
priorregion3_spot_42	0.002198467	0.99643856	0.00032802732	1.7872859e-05	0.00048488425	0.00048032607	1.0685172e-05	1.7880686e-05	2.3061286e-05
priorregion3_spot_43	1.2641391e-05	4.6499972e-05	5.7255642e-05	1.2928957e-05	0.9496263	3.610536e-06	0.049051065	0.00118851	1.1528631e-06
priorregion3_spot_44	0.044233672	0.049384184	0.7337251	0.0054437723	0.13122296	0.011739431	0.006017631	0.016080083	0.0021531496
priorregion3_spot_45	3.59873e-05	1.8872006e-05	0.57150346	1.1237032e-06	0.428433	4.64958e-06	1.0365245e-06	1.3898484e-06	3.9459454e-07
priorregion3_spot_46	0.01573493	0.015310511	0.9077842	0.0022519322	0.047369167	0.0049272683	0.0024458657	0.0037053437	0.00047068982
priorregion3_spot_47	0.068337	0.044343065	0.70822644	0.0075844866	0.11466172	0.022838112	0.014822345	0.013110284	0.0060764938
priorregion3_spot_48	1.4045363e-05	7.423491e-05	0.19181359	3.406892e-06	0.8080646	5.4563416e-06	3.8369903e-06	1.9740457e-05	1.159641e-06
priorregion3_spot_49	0.00020435077	0.00021029965	0.00047346676	8.0384416e-05	0.0003422934	0.998482	0.00014766722	5.46599e-05	4.9489054e-06
priorregion3_spot_50	0.008008771	0.027211148	0.90718573	0.003442063	0.036056057	0.0026494178	0.0040513705	0.010687941	0.0007075394
priorregion3_spot_51	1.9033641e-05	0.19199832	0.54754454	1.2477157e-05	0.26039582	9.630377e-06	6.7723913e-06	1.0894568e-05	2.56427e-06
priorregion3_spot_52	2.3498595e-05	0.0006265167	0.9989403	5.1979867e-05	0.00026737317	4.5739205e-05	1.6756763e-05	2.6897882e-05	8.951965e-07
priorregion3_spot_53	1.2950111e-05	2.6303846e-05	0.998805	4.5326174e-06	0.0011224922	4.6675673e-06	5.2177697e-06	1.7303026e-05	1.5464163e-06
priorregion3_spot_54	0.01973557	0.041226853	0.73502326	0.008043589	0.1578525	0.007493765	0.015230705	0.012052688	0.0033410639
priorregion3_spot_55	9.2242255e-05	0.0034200652	0.0026181433	0.0014143038	0.00035803736	5.915463e-05	0.9918212	0.0002072816	9.565257e-06
priorregion3_spot_56	0.15210444	0.124036394	0.28869006	0.05381397	0.27183422	0.044181343	0.018550955	0.04422831	0.0025603047
priorregion3_spot_57	0.0001080676	0.0003134169	0.8628529	2.1694666e-05	0.00045287624	3.4502707e-05	2.0368703e-05	0.13618994	6.2714603e-06
priorregion3_spot_58	0.08590685	0.09515214	0.48831475	0.019565454	0.21613008	0.025966872	0.028195826	0.035995487	0.0047726315
priorregion3_spot_59	0.0015234113	0.0014242454	0.9903446	0.00023501151	0.0050554234	0.00040832467	0.00039046953	0.0005190032	9.9485864e-05
priorregion3_spot_60	0.99672025	0.00092616625	0.001011165	5.1157556e-05	0.0004092061	0.0006115319	9.168086e-05	0.00016387575	1.4952947e-05
priorregion3_spot_61	0.08794072	0.16671741	0.37544426	0.012560209	0.27557608	0.0209252	0.017734922	0.035980467	0.007120762
priorregion3_spot_62	1.7080658e-05	0.00027102826	0.6926968	0.15146615	0.00010460798	5.9144863e-06	0.15054013	0.0048974953	8.113219e-07
priorregion3_spot_63	0.035142418	0.04680482	0.76203305	0.010973602	0.087279685	0.015480308	0.01726565	0.021151176	0.0038693168
priorregion3_spot_64	9.166159e-05	0.000108443266	0.99774086	2.2542823e-05	0.0019356577	2.6459436e-05	2.5831676e-05	4.199953e-05	6.5789827e-06
priorregion3_spot_65	2.8138222e-05	1.1212786e-05	0.64595	0.09340338	0.19568637	0.0649143	3.5362214e-06	2.0603068e-06	9.773069e-07
priorregion3_spot_66	0.031327754	0.029809866	0.80377424	0.00960417	0.086222984	0.011331354	0.0098629715	0.016448105	0.0016185625
priorregion3_spot_67	0.0020564378	0.005316816	0.007624068	0.00079378055	0.005275488	0.0008307654	0.975866	0.00208174	0.00015493481
priorregion3_spot_68	1.1469832e-05	5.091652e-05	0.8720695	2.9334929e-06	0.12785162	3.913278e-06	3.4490824e-06	4.7279414e-06	1.3824573e-06
priorregion3_spot_69	0.020720536	1.2968429e-05	0.00012320613	1.3225873e-06	0.9791298	6.045153e-06	1.0365421e-06	4.572413e-06	4.8148314e-07
priorregion3_spot_70	0.05596218	0.09554889	0.5549654	0.013445588	0.21328063	0.02403828	0.012578816	0.027117416	0.0030629025
priorregion3_spot_71	0.00019474186	0.0009413251	0.9978308	3.7899328e-05	0.0006032027	4.7214653e-05	4.0386647e-05	0.00029197257	1.2375571e-05
priorregion3_spot_72	6.244307e-06	1.0207394e-05	0.0001333643	2.5078514e-06	0.999841	2.9057721e-06	1.513344e-06	1.9916079e-06	3.460774e-07
priorregion3_spot_73	0.058472328	0.061857525	0.5111687	0.04573676	0.22059484	0.05720124	0.023593258	0.018078003	0.0032971562
priorregion3_spot_74	0.088577315	0.07503549	0.22591704	0.046725817	0.24462765	0.25155398	0.029708534	0.029047718	0.008806419
priorregion3_spot_75	0.0344586	0.06874369	0.59452087	0.013417404	0.21428087	0.010602349	0.0102448175	0.050026722	0.0037047872
priorregion3_spot_76	0.07298609	0.129119	0.3849995	0.01867403	0.28759265	0.025530599	0.026215918	0.048831694	0.0060505467
priorregion3_spot_77	0.068722464	0.09431295	0.37233493	0.016457008	0.33554497	0.02894484	0.023506299	0.053965926	0.0062106373
priorregion3_spot_78	0.03352545	0.047492515	0.8007777	0.0061538066	0.07404315	0.010018503	0.008647624	0.01709529	0.0022460183
priorregion3_spot_79	0.0010902632	0.7990349	0.002176091	0.00030600146	0.004390792	0.19274561	9.237024e-05	0.00013072146	3.32489e-05
priorregion3_spot_80	0.19409443	0.10564002	0.35451064	0.009906019	0.26933554	0.026139393	0.012849373	0.022538427	0.0049861893
priorregion3_spot_81	1.5762125e-05	1.786823e-05	0.87461036	1.6904772e-06	0.11481035	0.010539258	3.2110383e-06	1.3103339e-06	1.8217875e-07
priorregion3_spot_82	8.907404e-06	1.8110297e-05	0.99107057	4.328304e-06	0.00014036041	2.223904e-06	0.008749611	5.01469e-06	9.1419605e-07
priorregion3_spot_83	0.024345357	0.01805341	0.89101636	0.005257304	0.036571495	0.0077901985	0.007900962	0.0072241826	0.0018408385
priorregion3_spot_84	1.1654583e-05	6.5838685e-06	5.2049993e-05	7.0761945e-07	0.9175662	0.08236026	7.810976e-07	1.6217917e-06	2.1831453e-07
priorregion3_spot_85	1.35845185e-05	1.156869e-05	0.0080725085	1.9427964e-06	0.99188524	4.048258e-06	5.5176633e-06	4.7992626e-06	7.256449e-07
priorregion3_spot_86	0.049669698	0.035210162	0.7677022	0.011799863	0.0742452	0.013560676	0.009721419	0.034053847	0.004036941
priorregion3_spot_87	0.030679489	0.06826272	0.74074155	0.02327505	0.08166028	0.012729444	0.018024	0.021702176	0.0029253864
priorregion3_spot_88	0.016366139	0.029310092	0.8442652	0.006916158	0.08311279	0.0041774088	0.005732171	0.008922564	0.0011975756
priorregion3_spot_89	0.07810602	0.11714259	0.41979396	0.0367394	0.24477504	0.020200053	0.045468632	0.033245515	0.0045286883
priorregion3_spot_90	0.10195792	0.08115116	0.4919999	0.028534422	0.19831128	0.037406508	0.024387142	0.030569196	0.0056824754
priorregion3_spot_91	0.06839102	0.094398536	0.49494305	0.026719576	0.21208079	0.02520673	0.028404828	0.042226836	0.007628727
priorregion3_spot_92	0.060678236	0.13786125	0.46349752	0.04977543	0.18480553	0.023319125	0.03302131	0.044440053	0.0026014338
priorregion3_spot_93	1.3178806e-05	3.599413e-05	0.9987901	3.627624e-06	0.0011383123	5.9984814e-06	4.1552485e-06	7.4690765e-06	1.0935606e-06
priorregion3_spot_94	0.021469768	0.023522366	0.876622	0.005217276	0.051650017	0.0081765	0.0059806174	0.005991682	0.0013697025
priorregion3_spot_95	0.17340365	0.064057544	0.53861904	0.00923553	0.15574752	0.027260203	0.010511844	0.01837945	0.0027852433
priorregion3_spot_96	0.00025785208	0.6190725	0.0027424688	0.0030554256	0.00086441747	0.37356114	0.00022612182	0.00019698901	2.2999233e-05
priorregion3_spot_97	0.095414884	0.23742828	0.26598963	0.030694384	0.24478905	0.022251913	0.017316582	0.080935195	0.0051800883
priorregion3_spot_98	0.00021415883	7.2953226e-05	0.02053065	6.611303e-06	0.7458972	0.23322777	1.0593177e-05	3.824527e-05	1.8976878e-06
priorregion3_spot_99	0.0031322192	0.0036633725	0.9793304	0.0008112352	0.008534768	0.0013110118	0.0012069935	0.0016941043	0.00031582953
priorregion3_spot_100	3.630844e-05	7.28104e-05	0.9997723	6.7103797e-06	7.4498515e-05	1.1525985e-05	6.8169356e-06	1.7466875e-05	1.5653894e-06
priorregion3_spot_101	0.00077473343	0.0014183518	0.9921384	0.0006275076	0.003206975	0.0006819973	0.00041302052	0.0006856917	5.3320386e-05
priorregion3_spot_102	0.1576467	0.23117618	0.3551668	0.009274731	0.19114915	0.016057728	0.011590606	0.023704829	0.0042332187
priorregion3_spot_103	3.0572348e-06	9.644048e-06	0.5254858	8.076333e-07	0.47449583	9.84921e-07	9.3877316e-07	2.5797497e-06	2.0329473e-07
priorregion3_spot_104	0.03835663	0.042869978	0.72935325	0.010527172	0.12222705	0.016297929	0.01457203	0.022972291	0.002823665
priorregion3_spot_105	1.3061445e-05	3.5632376e-05	0.99657476	1.1071337e-05	0.0033298766	9.98758e-06	1.46583625e-05	9.498205e-06	1.3168817e-06
priorregion3_spot_106	0.00019279787	0.00020266585	0.00051189493	5.2216787e-05	0.00020319821	0.99868125	9.952981e-05	5.105349e-05	5.4116404e-06
priorregion3_spot_107	0.06395005	0.0769728	0.57750887	0.023631847	0.16466764	0.02820303	0.028783238	0.030051949	0.0062306058
priorregion3_spot_108	0.041136377	0.078540735	0.68006474	0.013305429	0.12314447	0.013388253	0.021874627	0.023642108	0.0049032546
priorregion3_spot_109	0.007640204	0.21107773	0.7283875	0.0024512992	0.038147185	0.0026231897	0.0037626796	0.0055658603	0.00034429695
priorregion3_spot_110	0.00022207492	0.00014694194	0.00054220646	7.7888e-05	0.0006074239	0.99823403	0.00013409379	3.0487989e-05	4.845552e-06
priorregion3_spot_111	7.2138e-06	3.7430294e-05	0.3176058	1.2785868e-06	0.6823403	2.1865503e-06	1.4956672e-06	3.7111358e-06	5.8662613e-07
priorregion3_spot_112	0.0029505969	0.0048201284	0.96397054	0.0007531175	0.024164313	0.001290067	0.0006690384	0.0011976517	0.00018448445
priorregion3_spot_113	0.05716319	0.14759077	0.3547837	0.017406117	0.33404946	0.028438913	0.016137721	0.04125114	0.0031790466
priorregion3_spot_114	0.00016507632	0.99630505	0.00091873447	1.4603837e-05	0.0025367804	1.8193581e-05	2.0298836e-05	1.76324e-05	3.5830874e-06
priorregion3_spot_115	0.00013469206	0.00022537503	0.00053404825	7.1356604e-05	0.0005303726	0.99833643	8.6106425e-05	7.6255405e-05	5.428404e-06
priorregion3_spot_116	0.031096105	0.08735229	0.66961277	0.014682375	0.12727411	0.014490671	0.016746433	0.035239678	0.0035055291
priorregion3_spot_117	6.5651557e-06	0.1465178	0.8534433	1.3597587e-06	1.8741177e-05	3.6109777e-06	2.6944485e-06	5.4535926e-06	4.2194674e-07
priorregion3_spot_118	0.010609493	0.011790458	0.1256299	0.0015291783	0.8430938	0.0028757849	0.0019424442	0.0018929098	0.0006360695
priorregion3_spot_119	1.8944156e-05	0.508257	0.49101907	5.285314e-06	0.0006675391	8.151708e-06	8.661538e-06	1.3716996e-05	1.5561874e-06
priorregion3_spot_120	0.013856339	6.107884e-05	0.0097573735	1.387758e-05	0.97606975	0.00020313452	2.7877828e-05	7.499658e-06	2.9760322e-06
priorregion3_spot_121	0.052093457	0.07072418	0.7127351	0.012796075	0.085906185	0.016331684	0.017026808	0.029157965	0.0032285887
priorregion3_spot_122	0.04145067	0.04301443	0.71218014	0.008833179	0.15422088	0.013474098	0.008885461	0.013295334	0.004645885
priorregion3_spot_123	4.0481606e-05	0.14163217	0.8578521	9.71752e-06	0.000417821	9.735904e-06	8.569034e-06	2.5358222e-05	4.0895006e-06
priorregion3_spot_124	0.07774392	0.085630514	0.4299435	0.040774144	0.2065923	0.039512616	0.070912175	0.04084361	0.008047178
priorregion3_spot_125	0.007561937	0.010420275	0.008323757	0.012256006	0.006704136	0.95071566	0.002083039	0.0018275725	0.0001076489
priorregion3_spot_126	0.049237076	0.08315282	0.51338106	0.027487574	0.14621325	0.022871213	0.04362917	0.09857365	0.015454104
priorregion3_spot_127	0.06170582	0.13258694	0.2591571	0.05788309	0.3679358	0.03337226	0.03123664	0.048174772	0.007947492
priorregion3_spot_128	0.048336346	0.032010928	0.62287426	0.021840168	0.19324657	0.050166097	0.01833757	0.01095793	0.002230105
priorregion3_spot_129	4.08299e-05	0.81660837	0.00039589594	3.4371267e-05	7.483788e-05	0.18276976	1.6095422e-05	5.7279354e-05	2.616575e-06
priorregion3_spot_130	4.1540698e-06	0.055344637	0.24276711	1.4855019e-06	0.7018731	1.3354652e-06	9.5509e-07	6.8518048e-06	3.0000007e-07
priorregion3_spot_131	0.008707633	0.012766659	0.9402202	0.0019343776	0.025985885	0.00280381	0.0025947818	0.0044939923	0.0004926107
priorregion3_spot_132	0.06167885	0.04994367	0.7353905	0.004500512	0.115531154	0.008615468	0.0046063466	0.016704692	0.0030288182
priorregion3_spot_133	5.4362758e-05	0.00018610564	0.0016190275	1.4275955e-05	0.99807435	1.6196975e-05	1.704404e-05	1.3616593e-05	5.0320973e-06
priorregion3_spot_134	0.05377022	0.06934326	0.5245787	0.011480537	0.28059188	0.02026107	0.014776568	0.018750498	0.006447309
priorregion3_spot_135	1.312583e-05	3.7936567e-05	0.99975276	4.2212837e-06	0.0001550636	7.6136243e-06	9.628575e-06	1.84044e-05	1.3461905e-06
priorregion3_spot_136	3.4047582e-06	8.517126e-06	0.80944294	6.667896e-07	0.19053923	1.0961272e-06	6.682302e-07	3.2796768e-06	2.1579855e-07
priorregion3_spot_137	9.760244e-06	5.2476982e-05	0.99777174	1.6490472e-05	0.0021182818	6.621726e-06	1.7457945e-05	6.0445905e-06	1.1837277e-06
priorregion3_spot_138	1.9406833e-05	0.4716194	0.52815324	6.2793906e-06	0.0001471993	8.884596e-06	5.7952357e-06	3.809961e-05	1.7311302e-06
priorregion3_spot_139	0.020163188	0.05020186	0.79018503	0.004203579	0.118541345	0.003302602	0.004315222	0.008635358	0.00045178036
priorregion3_spot_140	0.027966082	0.046080757	0.73554766	0.007644064	0.1311991	0.007865163	0.0187714	0.02379222	0.0011335759
priorregion3_spot_141	0.022477431	0.029096024	0.8676656	0.0049900436	0.050553948	0.00842534	0.0049216743	0.010263216	0.001606826
priorregion3_spot_142	0.0065922914	0.012020465	0.94493	0.0023476132	0.02287558	0.003314385	0.0031585013	0.0038713426	0.0008899205
priorregion3_spot_143	6.123648e-05	0.054794796	0.9446266	8.587098e-06	0.0003864592	9.4849354e-05	7.42495e-06	1.8989564e-05	1.1338948e-06
priorregion3_spot_144	0.00032763122	0.024424832	0.97473156	8.377828e-06	0.00033718004	0.00014799087	9.759204e-06	1.1758296e-05	7.910096e-07
priorregion3_spot_145	0.36685792	0.08562133	0.20764893	0.022065196	0.16709436	0.038578033	0.022120608	0.08476154	0.005252081
priorregion3_spot_146	1.09892e-05	1.7712124e-05	7.275056e-05	2.9061507e-06	0.9998793	3.6642518e-06	7.1738873e-06	4.848962e-06	6.580647e-07
priorregion3_spot_147	0.04283104	0.09782309	0.531392	0.022326695	0.23616661	0.018136466	0.012145437	0.035693895	0.003484693
priorregion3_spot_148	0.0028606749	0.0054141637	0.9669425	0.0013359218	0.017660636	0.0017467269	0.001097022	0.0027070183	0.00023539078
priorregion3_spot_149	0.074980736	0.1004527	0.5333668	0.030423814	0.1614214	0.026568556	0.027313733	0.038624603	0.006847644
priorregion3_spot_150	0.09417469	0.08291108	0.3984127	0.06692211	0.23950584	0.047282428	0.031713255	0.03445885	0.0046189264
priorregion3_spot_151	0.05895408	0.05613735	0.5214704	0.009618847	0.30357406	0.015227977	0.010244512	0.02197879	0.002794019
priorregion3_spot_152	0.46990445	0.06869763	0.17122139	0.016009882	0.21696092	0.023449978	0.010611886	0.019862419	0.00328147
priorregion3_spot_153	3.604571e-06	1.2029994e-05	0.99989295	6.645549e-07	8.698796e-05	1.5118295e-06	7.1538415e-07	1.3592526e-06	1.8915016e-07
priorregion3_spot_154	0.07296648	0.11808615	0.41958869	0.019628149	0.27335617	0.025351519	0.01810192	0.043405943	0.009514982
priorregion3_spot_155	8.120267e-06	2.2954253e-05	0.39313787	1.9735232e-06	0.60641205	0.0004150992	5.244533e-07	1.4089218e-06	1.0702623e-07
priorregion3_spot_156	0.048846375	0.03460758	0.73743933	0.0073567405	0.12176169	0.029398695	0.008434057	0.010386459	0.001769026
priorregion3_spot_157	0.027664244	0.04492294	0.7115461	0.008828388	0.16873395	0.009410958	0.0046773157	0.023338085	0.00087806897
priorregion3_spot_158	6.037863e-06	0.13759147	0.00012239278	1.0940983e-05	0.721425	1.3457194e-06	0.12854777	0.012294496	4.5447837e-07
priorregion3_spot_159	6.216405e-06	5.0631384e-06	0.00012160559	1.3018858e-06	0.99985635	5.2836317e-06	2.7367435e-06	1.2293486e-06	2.7402984e-07
priorregion3_spot_160	0.1927141	0.060502764	0.25486633	0.02308328	0.36669305	0.05793012	0.012607056	0.023666382	0.00793686
priorregion3_spot_161	0.02907266	0.101533	0.64740366	0.015289425	0.14909181	0.0134812975	0.009341704	0.03200931	0.0027770486
priorregion3_spot_162	0.045972805	0.055195037	0.7630458	0.012808143	0.07337515	0.017449018	0.011894924	0.017046764	0.0032123174
priorregion3_spot_163	0.091757685	0.06254434	0.39917418	0.02656966	0.19777106	0.11591638	0.065371685	0.032877572	0.008017416
priorregion4_spot_1	0.014697719	0.7545186	0.14876999	3.3330497e-08	0.024024025	7.616577e-08	9.298635e-08	0.05798941	1.7364568e-08
priorregion4_spot_2	3.011312e-07	0.6055859	0.028408198	3.5769872e-08	0.3136915	5.2033485e-08	5.2367017e-08	0.052313887	6.3962446e-08
priorregion4_spot_3	5.3233634e-07	0.7492325	0.014791281	7.334435e-08	0.13506795	9.608348e-08	1.08161075e-07	0.09760862	0.0032989662
priorregion4_spot_4	0.103253484	0.54685545	2.3694727e-06	6.4838346e-08	0.15780741	9.263911e-08	1.8425364e-07	0.19208096	7.9236884e-08
priorregion4_spot_5	2.2030594e-07	0.49589813	1.7757638e-05	5.7602048e-08	0.4514289	7.028322e-08	1.17212956e-07	0.04450991	0.0081448285
priorregion4_spot_6	1.23734335e-05	0.67415303	6.5014234e-07	5.408305e-07	0.16280782	0.00783057	3.9875502e-07	0.15519375	8.619787e-07
priorregion4_spot_7	9.846214e-07	0.71482724	0.21070616	2.9155457e-08	0.053463753	7.116974e-08	7.55754e-08	0.021001704	2.8239418e-08
priorregion4_spot_8	3.9834646e-07	0.76294994	3.1334446e-06	2.1365901e-08	0.14454104	5.916877e-08	3.651166e-08	0.09250539	3.992129e-08
priorregion4_spot_9	0.02831737	0.70936394	0.10410176	3.8785593e-08	1.3717463e-06	1.2910206e-07	6.5384114e-08	0.1577326	0.0004826209
priorregion4_spot_10	1.3901955e-06	0.6648253	0.05385472	3.1851705e-08	0.15434633	7.8525346e-08	4.8796448e-08	0.1269719	4.650058e-08
priorregion4_spot_11	2.2350432e-05	0.6633126	4.074235e-05	3.993191e-08	0.18267354	1.1775781e-07	6.227921e-08	0.15340917	0.0005412714
priorregion4_spot_12	0.008357917	0.70916957	0.094720565	5.5018127e-08	0.08589504	1.4958776e-07	8.530463e-08	0.10185658	2.1782762e-08
priorregion4_spot_13	4.933948e-07	0.7108898	2.148494e-06	5.5376674e-08	0.2620767	2.7388754e-07	7.674028e-08	0.027030407	1.5782918e-08
priorregion4_spot_14	8.651451e-06	0.8628082	0.04463261	1.1627196e-07	1.3864747e-06	0.0033392769	1.2308952e-07	0.089209534	1.3227385e-08
priorregion4_spot_15	4.2446212e-07	0.50243324	1.2983935e-05	4.498104e-08	0.38916475	6.0694596e-08	5.4000836e-08	0.10786426	0.00052418537
priorregion4_spot_16	0.016533278	0.79407465	2.9292834e-05	9.843933e-08	0.07097294	9.746977e-08	9.964111e-08	0.118389584	4.9587115e-08
priorregion4_spot_17	1.6489389e-06	0.7767847	7.916788e-05	4.7003333e-08	0.08497127	9.825424e-08	6.9686365e-08	0.13816297	3.3957487e-08
priorregion4_spot_18	6.118905e-07	0.6638974	8.080732e-06	3.99371e-08	0.24104798	4.299535e-07	7.059596e-08	0.09504509	2.3079477e-07
priorregion4_spot_19	3.331496e-07	0.9222394	7.8728635e-06	6.0112114e-08	3.888205e-05	6.236416e-08	5.7741993e-08	0.07771313	1.0917516e-07
priorregion4_spot_20	0.01629054	0.61258024	0.06237292	1.2875527e-07	0.21899368	9.847831e-08	4.5244797e-06	0.08926419	0.0004937826
priorregion4_spot_21	1.391201e-07	0.7312339	5.141616e-06	5.9570596e-08	0.2209161	5.7551997e-08	7.241972e-08	0.04784455	2.0138216e-08
priorregion4_spot_22	1.9771183e-07	0.3531636	0.27722678	2.875033e-08	0.21603772	4.5052108e-08	4.500011e-08	0.1495998	0.003971728
priorregion4_spot_23	2.8030777e-07	0.7362615	0.017239219	2.817875e-08	0.09291713	5.2436594e-08	3.2247705e-08	0.15358171	2.449726e-08
priorregion4_spot_24	0.018357681	0.8409671	0.035423856	6.071247e-08	0.094259836	3.010974e-07	1.16800145e-07	0.010990963	1.2402704e-07
priorregion4_spot_25	0.026288357	0.62345654	7.72491e-06	4.088091e-08	0.281889	9.318452e-08	7.052638e-08	0.06835816	2.0822522e-08
priorregion4_spot_26	2.3772735e-07	0.6204854	8.2091565e-06	4.0787345e-08	0.28506693	1.9193577e-07	7.078438e-08	0.09443878	2.1554916e-08
priorregion4_spot_27	2.7445267e-06	0.725031	3.240558e-05	4.8734865e-08	0.13513672	1.14873934e-07	5.1962452e-08	0.13841078	0.0013860393
priorregion4_spot_28	6.8133744e-07	0.6884354	5.2143796e-06	7.8191256e-08	0.101207525	0.0010252518	9.6616944e-08	0.20932576	1.5913416e-08
priorregion4_spot_29	2.5861416e-07	0.7832342	0.05845805	4.538519e-08	9.625645e-06	5.4028604e-08	9.087947e-08	0.15829758	1.3667516e-08
priorregion4_spot_30	0.0009179273	0.6509959	0.07065642	5.388692e-08	0.24683249	7.493496e-08	9.2615835e-08	0.030596979	4.243599e-08
priorregion4_spot_31	8.7831773e-07	0.8138449	0.011666826	9.2654474e-08	0.02787355	0.0009286898	7.5583316e-08	0.14568482	1.4255748e-07
priorregion4_spot_32	1.1167972e-06	0.5219701	4.0206874e-06	5.121491e-08	0.26520252	1.5725092e-07	6.965811e-08	0.21282183	5.3730993e-08
priorregion4_spot_33	2.2401112e-07	0.57795393	0.13485123	3.514022e-08	0.1822996	4.486403e-08	4.8557432e-08	0.104894884	2.0407592e-08
priorregion4_spot_34	0.0046730177	0.99531096	6.9013104e-06	6.980048e-08	7.200749e-06	1.2904839e-07	1.649112e-07	1.5547433e-06	3.6953857e-08
priorregion4_spot_35	4.613125e-07	0.6468929	5.390767e-05	4.314212e-08	0.28259864	5.492773e-08	5.861329e-08	0.07045385	3.2835512e-08
priorregion4_spot_36	5.9694986e-07	0.7842612	1.0230684e-05	2.7675517e-08	0.06794246	6.398352e-08	4.5181196e-08	0.14778526	3.158819e-08
priorregion4_spot_37	5.2429855e-06	0.47959778	0.04405372	3.685838e-07	0.45300815	1.2783628e-06	0.01005264	0.013280876	1.3526781e-08
priorregion4_spot_38	1.879463e-07	0.6432716	0.010780762	3.7348457e-08	0.00011189096	6.280677e-08	8.760173e-08	0.34583545	3.1909508e-08
priorregion4_spot_39	0.0022924868	0.6924729	0.08795494	4.2717623e-08	0.14826058	8.354832e-08	5.189353e-08	0.069018796	2.9170298e-08
priorregion4_spot_40	1.3622707e-06	0.87898463	2.8816465e-05	4.5500837e-08	2.33598e-05	1.7506395e-07	6.868199e-08	0.12068579	0.00027561342
priorregion4_spot_41	5.719559e-07	0.6567624	1.1734862e-05	7.7482625e-08	0.25418097	7.913088e-08	3.0506513e-07	0.0882593	0.0007845623
priorregion4_spot_42	2.469734e-07	0.7251256	2.9454848e-05	3.7494296e-08	0.2748418	1.089111e-07	4.4961812e-08	2.8176114e-06	2.9448861e-08
priorregion4_spot_43	2.1962107e-07	0.6141092	0.0205298	8.468048e-08	0.36237553	1.3991176e-07	7.041515e-08	1.9735119e-06	0.0029829617
priorregion4_spot_44	0.08542606	0.64698994	0.19986561	5.58973e-08	0.06771759	5.156937e-08	1.00355926e-07	5.0469487e-07	3.872245e-08
priorregion4_spot_45	0.0459425	0.7775751	1.368757e-05	4.2551335e-08	0.11855709	3.429748e-08	9.7337114e-08	0.057911523	2.2475767e-08
priorregion4_spot_46	3.330588e-07	0.6125781	9.3427425e-06	5.9976124e-08	0.3874099	1.5184648e-07	1.16122486e-07	1.9409576e-06	5.96652e-08
priorregion4_spot_47	3.2276707e-06	0.7725816	0.010131532	3.962934e-08	0.0013643334	7.806751e-08	5.0283905e-08	0.2155332	0.00038600317
priorregion4_spot_48	0.0067759557	0.6470662	5.4233038e-05	1.3474956e-07	0.2557222	4.493281e-07	6.137759e-07	0.09038014	1.0004135e-07
priorregion4_spot_49	9.580568e-07	0.5531691	4.8815323e-06	5.4846385e-08	0.34214935	1.5267352e-07	6.906085e-08	0.104054056	0.00062143814
priorregion4_spot_50	7.4518084e-07	0.6601471	2.2555034e-05	4.1017653e-08	0.11661544	7.480808e-08	7.2319146e-08	0.22321391	1.633538e-08
priorregion4_spot_51	0.04261447	0.48216438	0.16295439	2.4969422e-08	0.30101648	5.2433634e-08	2.4464644e-08	0.011250095	6.514475e-09
priorregion4_spot_52	0.083835006	0.7504183	9.570706e-06	8.061894e-08	1.0609176e-06	1.0067243e-06	1.3624425e-07	0.16573492	1.8872344e-08
priorregion4_spot_53	2.0794082e-06	0.6152612	0.0005171558	3.3511967e-08	0.2923975	1.5770347e-07	5.0184703e-08	0.09123584	0.0005859528
priorregion4_spot_54	2.6498494e-06	0.70399594	7.2053995e-06	6.4726066e-08	0.25133735	1.7139746e-07	9.313865e-08	0.04465627	1.79724e-07
priorregion4_spot_55	0.011851664	0.7842494	1.367378e-05	7.5888295e-08	0.14974307	1.8655287e-07	1.5396294e-07	0.05414148	1.292857e-07
priorregion4_spot_56	1.5181389e-06	0.66353846	0.07493912	5.673354e-08	0.1683956	7.949858e-07	7.1196766e-08	0.09312409	1.5071538e-07
priorregion4_spot_57	2.1064326e-07	0.6300168	2.975906e-06	0.009857512	0.27724904	7.913398e-08	6.5110165e-05	0.082807936	2.7982816e-07
priorregion4_spot_58	0.041302342	0.80848646	1.6719582e-06	5.2873954e-08	4.4129893e-06	8.594113e-08	1.7896545e-07	0.15020472	1.5457877e-08
priorregion4_spot_59	3.9769512e-07	0.467224	1.3505894e-06	6.736532e-08	0.52290297	1.4890105e-07	4.694564e-07	0.009870561	3.001934e-08
priorregion4_spot_60	4.622923e-06	0.9505224	1.9500933e-06	1.1790317e-07	2.7662518e-06	1.3521309e-07	8.921642e-08	0.04741964	0.0020483
priorregion4_spot_61	0.0057901447	0.75332063	0.081826575	4.983533e-08	0.05798363	7.506191e-08	8.842507e-08	0.10107882	1.04145155e-08
priorregion4_spot_62	1.9542537e-07	0.86452156	0.09734853	2.9027191e-08	3.5196829e-06	3.845898e-08	3.0676546e-08	0.037941597	0.00018449733
priorregion4_spot_63	1.6678201e-06	0.6407419	0.05141296	3.6245904e-08	0.21567835	7.770203e-08	6.163893e-08	0.092165	1.9776303e-08
priorregion4_spot_64	2.0638157e-07	0.74553174	6.1823135e-05	5.7879493e-08	0.18478349	6.497584e-08	7.8025735e-08	0.069622226	2.754739e-07
priorregion4_spot_65	3.3879087e-07	0.6628729	0.03584229	4.2203848e-08	0.24323128	5.091912e-08	5.790793e-08	0.058052935	3.679402e-08
priorregion4_spot_66	0.022224981	0.71962917	9.369392e-06	3.5003655e-08	0.18992469	6.230407e-08	3.2165495e-08	0.06736537	0.00084623334
priorregion4_spot_67	8.7769e-07	0.7674219	1.0627232e-05	4.9683198e-08	0.061453063	8.029521e-08	8.9454915e-08	0.17111322	2.1159186e-08
priorregion4_spot_68	1.907639e-06	0.6915744	1.2610178e-05	7.1539205e-08	0.24430034	1.2995726e-07	1.0196047e-07	0.06411033	1.2784857e-07
priorregion4_spot_69	3.3704552e-07	0.82821935	6.679966e-05	3.161763e-08	3.6194454e-06	4.9086772e-08	3.831249e-08	0.17170985	2.8674693e-08
priorregion4_spot_70	0.007867504	0.6513882	3.228807e-05	3.025412e-08	0.15824333	9.1765465e-08	4.6208093e-08	0.18020846	0.0022600482
priorregion4_spot_71	2.124304e-06	0.8469276	1.045742e-06	6.4867606e-08	0.15306842	1.4264225e-07	6.4599185e-08	5.53138e-07	1.9694156e-08
priorregion4_spot_72	7.475262e-07	0.7264318	4.5870445e-05	7.4397754e-08	0.25016195	2.2777283e-07	1.3138212e-07	0.023359293	3.3909892e-08
priorregion4_spot_73	2.025471e-05	0.5007576	1.8694598e-05	6.9005075e-08	0.49227104	0.005655567	1.14192545e-07	5.4394486e-06	0.0012712367
priorregion4_spot_74	2.4630622e-06	0.6625235	0.1907869	1.531685e-07	0.03203319	0.0099483365	2.411613e-07	0.10470505	2.7676382e-08
priorregion4_spot_75	1.9096951e-06	0.9024522	2.1153644e-05	5.734216e-08	0.016768536	1.059799e-07	7.409897e-08	0.08075605	1.8133244e-08
priorregion4_spot_76	0.00061006215	0.7832003	1.9350731e-05	3.166441e-07	0.16574569	4.5848427e-07	2.0703483e-07	0.05001249	0.00041106495
priorregion4_spot_77	0.019126255	0.7299681	0.059071776	6.4382256e-08	0.14036858	8.461907e-08	6.897444e-08	0.050719142	0.000745867
priorregion4_spot_78	0.014815432	0.7886989	2.3766806e-06	5.417425e-08	0.10675606	7.9692306e-08	1.0403377e-07	0.08899523	0.00073170074
priorregion4_spot_79	0.002446361	0.6713071	0.10977461	3.6555566e-08	0.081000075	9.1815316e-08	4.3235072e-08	0.13547173	2.6699684e-08
priorregion4_spot_80	3.1565818e-07	0.6706419	3.073713e-06	6.602527e-08	0.1800953	2.1033809e-07	7.67235e-08	0.14837426	0.000884862
priorregion4_spot_81	4.2555595e-07	0.8718894	0.025574382	4.54626e-08	0.09858349	5.741637e-08	8.886168e-08	0.0039519668	8.688116e-08
priorregion4_spot_82	1.9215397e-06	0.7592925	1.6853648e-05	7.652484e-08	4.0056933e-05	0.008048168	5.2532357e-07	0.23259985	3.8997676e-08
priorregion4_spot_83	3.6489408e-07	0.64308727	0.12802975	6.580195e-08	0.17554624	8.756695e-08	1.6413536e-07	0.053336058	4.7620585e-08
priorregion4_spot_84	0.005409324	0.7434258	0.10977992	3.155607e-08	0.13936578	7.005698e-08	4.8892584e-08	6.0339715e-07	0.0020182792
priorregion4_spot_85	2.6431275e-07	0.841237	0.03152577	3.6098825e-08	1.4854898e-05	6.280955e-08	6.428652e-08	0.12722191	1.1530974e-08
priorregion4_spot_86	0.11684435	0.63127756	0.11592967	3.8107633e-08	0.089045174	5.3411387e-08	5.2431897e-08	0.046903085	2.648564e-08
priorregion4_spot_87	0.016832802	0.22845227	0.2719237	0.007110017	0.47568017	3.5694532e-07	1.2970807e-07	6.1688837e-07	1.754336e-08
priorregion4_spot_88	1.315262e-06	0.58668274	0.036334153	4.067085e-08	0.20129484	6.59772e-08	4.2447976e-08	0.17346895	0.0022177654
priorregion4_spot_89	0.005804221	0.65950227	0.0911161	8.267395e-08	0.113695756	1.5577832e-07	1.2700418e-07	0.12988113	6.22903e-08
priorregion4_spot_90	3.8914995e-06	0.7533415	0.011637182	6.41143e-08	0.081092484	1.1647476e-07	1.15113416e-07	0.15392448	5.295208e-08
priorregion4_spot_91	2.6543712e-06	0.6024565	3.597707e-05	5.980642e-08	0.30068332	1.3342247e-07	8.5643244e-08	0.09682118	4.1453458e-08
priorregion4_spot_92	3.765683e-07	0.6691376	0.07084224	2.4874424e-07	0.10181005	0.0016110959	2.2834001e-07	0.15659812	4.9560217e-08
priorregion4_spot_93	4.2929855e-07	0.86634666	5.108135e-06	3.3607602e-08	1.0340486e-05	2.0943443e-07	4.993789e-08	0.13363723	1.8290594e-08
priorregion4_spot_94	2.432812e-07	0.79999834	0.0011427822	2.9681201e-08	0.15270744	7.0172405e-08	3.798165e-08	0.04615106	8.920812e-08
priorregion4_spot_95	0.016579658	0.62001425	5.9093304e-06	3.616769e-08	0.20583096	1.4826142e-07	4.2022194e-08	0.15756899	2.827105e-08
priorregion4_spot_96	0.011406671	0.8559724	1.9307412e-05	3.126895e-08	0.00055989006	1.024761e-07	7.2853126e-08	0.13204159	2.7026113e-08
priorregion4_spot_97	3.0409163e-07	0.6535107	0.03069332	5.6245327e-08	0.19109851	8.766661e-08	7.2414956e-08	0.12469695	1.9315342e-08
priorregion4_spot_98	0.05426426	0.6470226	5.8129644e-06	9.0709094e-08	0.2434174	3.1888412e-08	5.8443252e-08	0.055289704	6.1554594e-08
priorregion4_spot_99	2.0479561e-07	0.75199556	0.035192236	5.141999e-08	0.16484937	7.119903e-08	7.443135e-08	0.047962435	2.648879e-08
priorregion4_spot_100	0.0021358156	0.6602729	3.3549593e-05	1.7718637e-08	0.27932173	5.35043e-08	2.3821835e-08	0.05823576	1.2717554e-07
priorregion5_spot_1	0.15666665	6.6363185e-07	6.0523626e-06	0.034299366	0.08238498	0.02222042	0.38781008	3.5564997e-07	0.31661135
priorregion5_spot_2	6.2120813e-07	0.027184783	1.719293e-06	0.06044807	8.365629e-06	1.7994022e-06	0.7016427	0.010229451	0.20048253
priorregion5_spot_3	0.4087673	3.4130585e-07	0.01681406	2.2566335e-06	1.8391505e-06	9.130568e-07	0.4819452	2.9064967e-07	0.092467904
priorregion5_spot_4	0.3214919	1.9170434e-06	3.4765549e-06	7.2035755e-07	0.06879833	0.05386206	0.18645732	0.05369449	0.31568977
priorregion5_spot_5	0.26401573	0.031238407	6.6010625e-06	1.2954373e-06	0.21983281	7.7539744e-07	0.30699918	2.7351643e-07	0.17790496
priorregion5_spot_6	0.13843806	0.010046127	0.0062804944	1.8130725e-06	0.054905202	5.7485227e-07	0.47294635	1.1010817e-06	0.3173803
priorregion5_spot_7	0.4000109	9.082517e-07	7.8694904e-07	1.3623683e-06	1.9766183e-06	1.3919289e-06	0.59998244	1.4507867e-07	5.447194e-08
priorregion5_spot_8	0.051862285	1.6802245e-07	0.11081769	0.04020673	0.0029938053	2.11468e-06	0.79411715	9.147003e-08	2.4012314e-08
priorregion5_spot_9	0.0773596	0.37555823	5.924848e-06	9.6969735e-08	0.062312532	5.6898716e-07	0.26078802	0.1253576	0.09861744
priorregion5_spot_10	0.10377874	0.013604948	0.030832201	0.010472201	0.031808894	0.00037794467	0.54621226	1.1146983e-05	0.2629017
priorregion5_spot_11	0.34432665	1.2951402e-07	0.03099162	0.018547008	2.272051e-06	0.033823952	0.437365	8.3802945e-08	0.13494335
priorregion5_spot_12	0.57450545	6.459263e-07	4.6893564e-07	5.837505e-07	0.02665906	0.05585152	0.22612274	2.0707495e-07	0.11685931
priorregion5_spot_13	0.42636132	2.9439148e-06	3.433517e-05	2.9055693e-05	0.017957387	0.027064923	0.42188108	7.388985e-07	0.10666829
priorregion5_spot_14	0.30638108	1.8223554e-07	4.2453428e-07	0.015185388	0.077153474	2.9378996e-06	0.5992741	0.00095972524	0.0010426731
priorregion5_spot_15	0.21831256	3.4058237e-07	0.020466227	0.0025214257	0.13744539	1.2202945e-06	0.36175907	8.286369e-08	0.25949368
priorregion5_spot_16	0.44320834	2.8129173e-06	2.834325e-06	3.4999875e-06	0.006424349	6.0691546e-06	0.51297057	6.373857e-07	0.037380937
priorregion5_spot_17	0.34751102	0.10981697	8.589883e-07	4.0071097e-08	0.35593423	0.038144544	3.8029047e-08	1.0952365e-05	0.14858131
priorregion5_spot_18	0.40268746	2.1472577e-07	2.501969e-06	0.061337013	0.029413546	3.9755527e-05	0.47316876	1.13268726e-07	0.03335069
priorregion5_spot_19	0.8950466	3.5366136e-07	0.070788115	5.1669396e-08	0.034164403	2.9448574e-07	9.0297114e-08	1.0767112e-07	8.951908e-09
priorregion5_spot_20	0.12601599	6.9739644e-06	0.008820228	0.035263278	6.948964e-05	0.038337298	0.6511527	0.00632072	0.1340134
priorregion5_spot_21	2.3264238e-05	0.016221445	3.231041e-06	7.327871e-05	0.011188903	0.021875722	0.9506133	5.372208e-07	2.9909947e-07
priorregion5_spot_22	0.28036642	9.734164e-06	0.023565492	0.1018448	0.056451138	0.00020434771	0.4990358	0.007327836	0.031194402
priorregion5_spot_23	0.46435305	0.0055524097	0.0049726805	0.010301162	1.5615568e-06	5.1724783e-06	0.32045892	1.7250665e-06	0.19435336
priorregion5_spot_24	0.16056179	0.0121689765	0.03805781	2.8978897e-05	0.10360632	2.1184927e-05	0.47568727	3.5437718e-06	0.20986411
priorregion5_spot_25	0.35823062	1.0125583e-06	1.015648e-06	0.004276452	0.21845612	0.034005895	0.21590412	0.0057011945	0.16342352
priorregion5_spot_26	0.21301045	3.167897e-07	0.11045792	0.024144482	0.060007624	2.0498337e-06	0.37790602	6.580597e-08	0.21447104
priorregion5_spot_27	3.755511e-05	2.3183093e-06	7.215504e-06	0.16827889	0.041994788	3.1749154e-05	0.73552525	0.0050574844	0.049064666
priorregion5_spot_28	0.09520985	4.6392543e-07	1.1521795e-07	9.997616e-07	4.4102117e-06	0.049824566	0.1589575	0.050669625	0.64533246
priorregion5_spot_29	0.31186283	3.5048225e-07	1.7791942e-06	0.105949014	0.002913847	8.1810595e-06	0.45655027	1.3359949e-07	0.12271357
priorregion5_spot_30	0.8390652	2.9479935e-07	0.16025445	4.030417e-08	2.3599364e-06	1.354663e-07	6.694331e-08	1.4993489e-07	0.00067730277
priorregion5_spot_31	0.3656418	1.0506772e-06	2.2423981e-05	0.0014301591	0.00017276629	5.158538e-05	0.6325725	4.2500782e-05	6.512375e-05
priorregion5_spot_32	0.55475724	2.401339e-07	0.005379044	4.4010925e-08	0.06530977	8.086082e-08	5.978488e-08	9.46663e-08	0.37455347
priorregion5_spot_33	0.18071446	2.0275002e-07	0.0083021205	2.307809e-05	6.5338827e-07	6.888775e-06	0.7151254	1.0054363e-07	0.09582712
priorregion5_spot_34	0.4536509	0.00091933215	0.10082234	1.2765953e-07	0.1403638	2.3668306e-07	0.30424178	1.4822964e-06	4.7835552e-08
priorregion5_spot_35	0.20168631	1.6860819e-06	2.2608356e-06	1.9100873e-06	0.2015994	3.7753553e-06	0.45719162	6.7551065e-07	0.13951233
priorregion5_spot_36	0.61034346	3.8210788e-07	1.1836955e-05	1.0716064e-07	3.25022e-07	0.026099714	1.17154514e-07	0.08164171	0.28190234
priorregion5_spot_37	0.35289842	1.6810097e-07	4.722652e-07	0.117264934	4.490307e-07	4.95722e-07	0.33194974	8.31229e-08	0.19788522
priorregion5_spot_38	0.35628346	9.2454e-07	2.8638503e-06	0.018831797	3.2476123e-06	0.035814043	0.41568795	1.2964185e-06	0.17337443
priorregion5_spot_39	0.6323826	0.008657594	1.515387e-07	5.6800758e-08	2.2686385e-07	0.028611036	6.9044376e-08	0.011024719	0.31932354
priorregion5_spot_40	0.13165294	4.1851933e-07	0.09747551	3.149915e-07	0.4056969	6.0602235e-07	0.19960639	1.3925768e-07	0.1655667
priorregion5_spot_41	0.06351923	7.3311285e-06	1.2203712e-05	0.07858476	0.05338722	3.4990924e-05	0.5788472	9.149154e-06	0.22559784
priorregion5_spot_42	0.25354862	1.5351898e-07	8.182011e-07	0.049014024	1.5199045e-05	1.9213571e-06	0.5855188	6.980625e-08	0.111900434
priorregion5_spot_43	0.40019506	1.738747e-06	0.0043128994	8.968307e-06	8.756439e-05	1.1759067e-05	0.48468646	3.7880244e-07	0.11069512
priorregion5_spot_44	0.53918165	2.2725719e-07	6.4355197e-07	4.913015e-07	4.985548e-06	0.031199528	0.4296124	5.4872004e-08	1.8937753e-08
priorregion5_spot_45	0.24099185	7.838495e-07	0.15840437	1.1851174e-05	0.00017399836	1.966254e-06	0.5550796	3.244072e-07	0.0453353
priorregion5_spot_46	0.5541801	3.7273912e-07	2.3287055e-06	1.3337544e-07	0.11264903	4.7202903e-07	0.27170253	2.360783e-07	0.06146477
priorregion5_spot_47	0.022893444	6.419325e-06	7.1742477e-07	4.8067214e-08	0.5920588	1.04877884e-07	5.1277777e-08	0.099396385	0.28564408
priorregion5_spot_48	0.056085438	4.86041e-07	3.0781106e-07	0.15410778	3.514369e-06	0.010473737	0.7793285	1.1870056e-07	6.8363164e-08
priorregion5_spot_49	0.16336013	1.5153827e-06	4.9942228e-06	0.051210128	0.00013596773	0.036517557	0.6645994	0.0009401948	0.08323014
priorregion5_spot_50	2.5002184e-06	4.1958624e-06	0.037582383	3.7776875e-08	0.5643214	4.6780077e-08	7.1723726e-08	3.0074483e-07	0.39808908
priorregion5_spot_51	0.017666072	9.056385e-07	2.980785e-07	0.064030044	7.778264e-06	0.029701022	0.82748806	0.0050399653	0.056065902
priorregion5_spot_52	0.14600082	9.1206864e-05	2.9614002e-06	4.9013292e-06	8.760099e-06	1.4802259e-06	0.72872597	0.019544575	0.10561941
priorregion5_spot_53	0.12845194	3.2504317e-07	6.9499906e-06	5.459207e-06	2.672019e-06	1.9971403e-06	0.7406853	0.025748348	0.10509705
priorregion5_spot_54	0.024927616	5.076998e-07	1.6966038e-07	1.3034147e-05	0.019548215	3.6595825e-06	0.36977085	0.021891497	0.5638445
priorregion5_spot_55	0.15058054	0.019419864	1.1675361e-06	0.033642147	2.6892096e-06	0.047364093	0.57782525	0.0019097113	0.16925454
priorregion5_spot_56	0.16892616	0.041970417	1.5297755e-05	2.545785e-06	0.19548258	2.39153e-06	0.27602595	0.013764423	0.3038102
priorregion5_spot_57	0.53020906	9.2209795e-08	2.4906396e-05	2.9609846e-06	2.9270882e-07	1.9720941e-05	0.46138176	8.323211e-08	0.008361118
priorregion5_spot_58	0.29295304	7.6690276e-07	0.015109153	0.091107644	0.12872486	0.010986972	0.3275316	1.7758254e-07	0.13358572
priorregion5_spot_59	0.24925672	0.004005491	9.411889e-06	0.024677873	0.058102615	0.04600371	0.5653506	0.00072860374	0.051864993
priorregion5_spot_60	0.33693516	4.8217197e-07	0.06137703	0.0062883804	0.018233782	0.0075729373	0.4075765	1.7581758e-06	0.1620139
priorregion5_spot_61	0.03768213	8.848975e-08	1.4931624e-07	6.6169414e-05	3.5070602e-07	0.031587027	0.91459924	0.016064657	1.6162501e-07
priorregion5_spot_62	0.24915057	0.01847348	1.0960518e-06	4.9864657e-06	1.0919145e-05	2.2385989e-06	0.6106913	1.1210668e-06	0.12166428
priorregion5_spot_63	0.27301314	8.876196e-06	0.004269206	0.0671518	0.00021320187	6.860363e-05	0.6155318	3.2161179e-06	0.03974003
priorregion5_spot_64	0.27687445	6.25154e-07	0.02577767	2.960241e-08	0.212405	1.0505131e-07	5.485519e-08	0.0011913149	0.48375073
priorregion5_spot_65	0.39727357	5.037162e-07	0.061415467	5.5045682e-08	0.26559722	9.112063e-08	5.741904e-08	1.4485437e-07	0.2757128
priorregion5_spot_66	0.26375595	1.9417382e-07	0.13993722	0.069547266	8.445561e-07	0.10004223	0.31665754	1.0883757e-07	0.11005865
priorregion5_spot_67	0.3225905	0.00016112911	0.0019840878	4.995148e-06	0.18384041	1.1660428e-05	0.4223922	1.5003447e-07	0.069014825
priorregion5_spot_68	0.3332595	1.3536974e-06	2.8114157e-06	0.02273897	7.4052564e-06	0.040142242	0.55794257	9.213246e-07	0.04590425
priorregion5_spot_69	0.006275901	0.037166122	5.2659307e-06	3.7348138e-05	1.2996898e-05	4.74737e-06	0.8835978	0.0043139094	0.06858589
priorregion5_spot_70	6.321673e-07	4.979066e-06	1.5036389e-07	0.010732805	1.3742498e-06	1.4926975e-07	0.57593524	0.048402175	0.3649225
priorregion5_spot_71	0.24689588	4.8000305e-07	2.9345715e-06	1.0589368e-06	4.640131e-06	5.903961e-07	0.7530935	3.0510074e-07	6.600864e-07
priorregion5_spot_72	0.16363227	4.235729e-06	0.01059218	0.07374455	0.022770457	3.90656e-06	0.37937254	3.4061358e-07	0.3498795
priorregion5_spot_73	0.14217043	8.190263e-07	8.469888e-07	0.0710581	7.323519e-05	0.010128535	0.5448038	0.012509119	0.21925507
priorregion5_spot_74	0.59340173	2.4216982e-07	0.06442755	6.976032e-08	0.03352436	8.63905e-08	5.8149425e-08	9.4248726e-08	0.3086458
priorregion5_spot_75	0.8212379	1.7832366e-07	0.04915076	1.4047727e-07	2.595665e-06	1.5867905e-06	0.034475826	6.215785e-08	0.095130846
priorregion5_spot_76	0.23271984	2.0354873e-06	1.5934216e-06	5.803604e-06	0.16550188	6.3616085e-06	0.50914574	5.703154e-07	0.09261623
priorregion5_spot_77	0.32998505	8.8286305e-07	3.1185168e-06	9.520204e-06	1.9778286e-06	9.42844e-06	0.66717076	1.5269984e-06	0.0028177886
priorregion5_spot_78	0.30390713	3.9175387e-07	1.1243519e-05	6.05324e-06	1.1072538e-05	8.936968e-06	0.65117925	4.3030397e-07	0.04487548
priorregion5_spot_79	0.19258556	2.635467e-06	0.0038274822	0.0001337792	0.049513575	1.4416755e-05	0.64447486	0.0037915064	0.10565615
priorregion5_spot_80	0.43722537	1.4423989e-07	0.033139274	0.03660511	5.507832e-07	0.038808726	0.36081937	7.429058e-08	0.09340131
priorregion5_spot_81	0.21119519	1.4744005e-07	0.085931994	0.014957929	8.556851e-07	0.0124053145	0.53127414	3.4202031e-07	0.1442341
priorregion5_spot_82	0.22695284	1.8775144e-07	1.6203464e-06	0.061439894	1.1970883e-06	0.00012724812	0.63160187	5.1335846e-08	0.079875045
priorregion5_spot_83	0.28132364	2.5716731e-06	0.048151296	1.1900771e-05	0.07063575	4.804822e-06	0.40290725	7.612121e-07	0.196962
priorregion5_spot_84	1.1200857e-06	2.9025256e-07	1.4432683e-05	0.08431738	0.11232786	0.02808545	0.6863772	1.1590286e-07	0.08887615
priorregion5_spot_85	0.16495411	1.4451876e-06	0.0005037516	0.065910324	0.10593325	0.010637358	0.5849707	5.1831125e-07	0.067088455
priorregion5_spot_86	0.99999875	1.3929912e-07	6.624321e-07	3.170042e-08	2.4882866e-07	1.2008054e-07	3.2646e-08	7.653806e-08	6.175103e-09
priorregion5_spot_87	0.012029343	7.411185e-07	4.0858333e-07	0.1458938	0.07178565	2.1775563e-06	0.65873295	1.1662553e-06	0.111553766
priorregion5_spot_88	0.21958858	3.640068e-06	2.3929763e-06	5.873278e-06	0.124259256	5.4537386e-06	0.5373061	1.1688228e-06	0.11882749
priorregion5_spot_89	0.10902989	1.5033569e-05	0.0053333347	0.0636815	0.03688969	0.05193386	0.5921866	0.0045418623	0.1363882
priorregion5_spot_90	0.0118317185	7.62842e-07	2.149886e-05	5.881337e-05	0.31018177	4.261932e-06	0.56935877	1.5812185e-07	0.1085422
priorregion5_spot_91	0.121310815	7.007697e-06	5.4838806e-06	0.005397054	0.0597159	0.055869777	0.5168035	0.030477284	0.21041316
priorregion5_spot_92	0.040669095	4.608959e-07	4.939659e-07	0.04589933	2.5749412e-06	0.04342914	0.74955475	0.0053128335	0.11513128
priorregion5_spot_93	0.17807086	2.1116433e-07	0.002371264	6.841415e-06	0.052473966	0.012759805	0.74808234	0.0062347017	3.134087e-08
priorregion5_spot_94	0.063422926	7.8310387e-07	0.03948602	0.04098167	0.2149079	2.7746535e-06	0.47523445	2.2803715e-07	0.16596322
priorregion5_spot_95	0.22855063	0.014884964	2.6824859e-05	0.05544796	0.0025993914	0.04206763	0.64690423	2.8541476e-06	0.00951552
priorregion5_spot_96	1.1586279e-06	4.7634808e-07	9.83521e-07	4.9178006e-08	0.6374632	4.4542755e-08	5.53692e-08	9.648302e-08	0.36253393
priorregion5_spot_97	0.014603074	3.2716244e-08	9.949282e-09	8.084512e-08	9.090484e-08	9.040212e-08	0.012939383	0.097154	0.8753032
priorregion5_spot_98	0.48535556	4.9497527e-07	0.25545973	1.0653535e-07	0.2591836	1.8304655e-07	3.2481037e-07	6.999697e-08	7.8023765e-09
priorregion5_spot_99	0.17999029	4.0005193e-06	0.032718815	0.15548827	4.701001e-05	0.008835195	0.53084	1.1578808e-06	0.09207535
priorregion5_spot_100	0.113738514	0.004326554	0.033233788	0.013590949	0.1359049	0.012223397	0.59740996	0.0038437347	0.08572819
priorregion5_spot_101	0.79298246	5.4225256e-05	0.07041059	4.1830518e-08	7.1658046e-06	0.009724444	5.5001248e-08	2.5887255e-07	0.12682079
priorregion5_spot_102	0.020598985	3.6425922e-06	4.241848e-06	0.012708995	0.023322746	0.039257005	0.4955638	0.02551421	0.38302633
priorregion5_spot_103	0.49890983	1.9136744e-06	6.39199e-07	3.880937e-07	1.6096086e-06	9.123953e-07	0.43089518	1.4972677e-07	0.070189394
priorregion5_spot_104	0.23119403	1.0184311e-06	0.006347028	4.7331458e-05	0.09099633	0.046423856	0.49893436	0.0011312729	0.1249248
priorregion5_spot_105	3.3711253e-06	0.014023324	0.02852243	0.10871568	0.013152566	0.021759955	0.7504401	0.010975435	0.052407153
priorregion5_spot_106	0.45691302	4.8510816e-07	0.027918419	0.012914916	0.07413342	0.017944342	0.3049425	1.4866146e-07	0.10523278
priorregion5_spot_107	0.18964171	6.944541e-05	2.0880118e-06	1.11728705e-05	3.9377496e-06	6.0167413e-06	0.55283576	0.013112771	0.24431707
priorregion5_spot_108	0.34501448	6.418519e-06	0.0041537154	0.05114312	0.0798205	0.037649684	0.38136685	1.3678039e-07	0.10084509
priorregion5_spot_109	0.2570699	0.050632276	0.016894786	3.0584252e-07	2.12652e-06	3.2207456e-07	0.6421924	0.033207826	8.8827456e-08
priorregion5_spot_110	0.12260075	2.5729614e-07	1.0789539e-06	0.06199671	0.0482817	9.293866e-05	0.5720133	0.0006376035	0.19437563
priorregion5_spot_111	0.41568506	0.020421531	0.00018786853	8.566334e-06	0.08350338	0.09279017	0.32371944	0.021045927	0.042637993
priorregion5_spot_112	0.33777228	2.7062865e-07	7.6957476e-05	0.03298987	0.023269147	0.0338939	0.54638654	3.5180105e-06	0.025607591
